system,concurrency,workload,repeat,raw,duration_s,output_tps
ordinary,1,short-short,0,/root/autodl-tmp/eagle3-phase4.4b-20260924/run-ordinary-c1/ordinary-c1-short-short-r0.json,5.2745668,24.267395760349455
ordinary,1,short-long,0,/root/autodl-tmp/eagle3-phase4.4b-20260924/run-ordinary-c1/ordinary-c1-short-long-r0.json,15.66080601,32.69308103765982
ordinary,1,long-short,0,/root/autodl-tmp/eagle3-phase4.4b-20260924/run-ordinary-c1/ordinary-c1-long-short-r0.json,4.425906257,28.92063061605871
ordinary,1,long-long,0,/root/autodl-tmp/eagle3-phase4.4b-20260924/run-ordinary-c1/ordinary-c1-long-long-r0.json,17.090768314,29.957693568439066
ordinary,1,mixed-prompt,0,/root/autodl-tmp/eagle3-phase4.4b-20260924/run-ordinary-c1/ordinary-c1-mixed-prompt-r0.json,8.688711791,29.463516129649005
ordinary,1,mixed-output,0,/root/autodl-tmp/eagle3-phase4.4b-20260924/run-ordinary-c1/ordinary-c1-mixed-output-r0.json,7.448131803,32.222845452779374
ordinary,1,short-short,1,/root/autodl-tmp/eagle3-phase4.4b-20260924/run-ordinary-c1/ordinary-c1-short-short-r1.json,4.178254139,30.63480481123506
ordinary,1,mixed-output,1,/root/autodl-tmp/eagle3-phase4.4b-20260924/run-ordinary-c1/ordinary-c1-mixed-output-r1.json,7.470804801,32.125052975266456
ordinary,1,mixed-prompt,1,/root/autodl-tmp/eagle3-phase4.4b-20260924/run-ordinary-c1/ordinary-c1-mixed-prompt-r1.json,7.925449723,32.30100611919559
ordinary,1,long-long,1,/root/autodl-tmp/eagle3-phase4.4b-20260924/run-ordinary-c1/ordinary-c1-long-long-r1.json,17.05575387,30.019194924041198
ordinary,1,long-short,1,/root/autodl-tmp/eagle3-phase4.4b-20260924/run-ordinary-c1/ordinary-c1-long-short-r1.json,4.491489204,28.498343018615437
ordinary,1,short-long,1,/root/autodl-tmp/eagle3-phase4.4b-20260924/run-ordinary-c1/ordinary-c1-short-long-r1.json,15.634618166,32.747841652661954
ordinary,1,long-short,2,/root/autodl-tmp/eagle3-phase4.4b-20260924/run-ordinary-c1/ordinary-c1-long-short-r2.json,4.503733932,28.420861874306656
ordinary,1,long-long,2,/root/autodl-tmp/eagle3-phase4.4b-20260924/run-ordinary-c1/ordinary-c1-long-long-r2.json,16.188835556,31.626734253300857
ordinary,1,mixed-prompt,2,/root/autodl-tmp/eagle3-phase4.4b-20260924/run-ordinary-c1/ordinary-c1-mixed-prompt-r2.json,8.056554072,31.775371667858646
ordinary,1,mixed-output,2,/root/autodl-tmp/eagle3-phase4.4b-20260924/run-ordinary-c1/ordinary-c1-mixed-output-r2.json,7.590851602,31.617005914957684
ordinary,1,short-short,2,/root/autodl-tmp/eagle3-phase4.4b-20260924/run-ordinary-c1/ordinary-c1-short-short-r2.json,4.002879991,31.976976648761088
ordinary,1,short-long,2,/root/autodl-tmp/eagle3-phase4.4b-20260924/run-ordinary-c1/ordinary-c1-short-long-r2.json,15.749612649,32.508736018501935
ordinary,1,long-short,3,/root/autodl-tmp/eagle3-phase4.4b-20260924/run-ordinary-c1/ordinary-c1-long-short-r3.json,4.475270195,28.60162502434113
ordinary,1,short-long,3,/root/autodl-tmp/eagle3-phase4.4b-20260924/run-ordinary-c1/ordinary-c1-short-long-r3.json,16.258602667,31.49102112195679
ordinary,1,short-short,3,/root/autodl-tmp/eagle3-phase4.4b-20260924/run-ordinary-c1/ordinary-c1-short-short-r3.json,3.984535661,32.12419485985371
ordinary,1,mixed-output,3,/root/autodl-tmp/eagle3-phase4.4b-20260924/run-ordinary-c1/ordinary-c1-mixed-output-r3.json,7.484667167,32.06555410481889
ordinary,1,mixed-prompt,3,/root/autodl-tmp/eagle3-phase4.4b-20260924/run-ordinary-c1/ordinary-c1-mixed-prompt-r3.json,8.067073091,31.73393833329779
ordinary,1,long-long,3,/root/autodl-tmp/eagle3-phase4.4b-20260924/run-ordinary-c1/ordinary-c1-long-long-r3.json,16.123134141,31.755612495837262
ordinary,1,mixed-prompt,4,/root/autodl-tmp/eagle3-phase4.4b-20260924/run-ordinary-c1/ordinary-c1-mixed-prompt-r4.json,8.054371169,31.78398345798906
ordinary,1,mixed-output,4,/root/autodl-tmp/eagle3-phase4.4b-20260924/run-ordinary-c1/ordinary-c1-mixed-output-r4.json,7.392161075,32.46682500083374
ordinary,1,short-short,4,/root/autodl-tmp/eagle3-phase4.4b-20260924/run-ordinary-c1/ordinary-c1-short-short-r4.json,3.945605753,32.44115302261929
ordinary,1,short-long,4,/root/autodl-tmp/eagle3-phase4.4b-20260924/run-ordinary-c1/ordinary-c1-short-long-r4.json,15.658300859,32.69831156077929
ordinary,1,long-short,4,/root/autodl-tmp/eagle3-phase4.4b-20260924/run-ordinary-c1/ordinary-c1-long-short-r4.json,4.397916485,29.1046909227518
ordinary,1,long-long,4,/root/autodl-tmp/eagle3-phase4.4b-20260924/run-ordinary-c1/ordinary-c1-long-long-r4.json,15.926472776,32.1477333494423
ordinary,2,short-short,0,/root/autodl-tmp/eagle3-phase4.4b-20260924/run-ordinary-c2/ordinary-c2-short-short-r0.json,2.951055383,43.37431304656745
ordinary,2,short-long,0,/root/autodl-tmp/eagle3-phase4.4b-20260924/run-ordinary-c2/ordinary-c2-short-long-r0.json,8.631499937,59.31761614285001
ordinary,2,long-short,0,/root/autodl-tmp/eagle3-phase4.4b-20260924/run-ordinary-c2/ordinary-c2-long-short-r0.json,2.612286095,48.99922724581972
ordinary,2,long-long,0,/root/autodl-tmp/eagle3-phase4.4b-20260924/run-ordinary-c2/ordinary-c2-long-long-r0.json,9.650152568,53.056155992579534
ordinary,2,mixed-prompt,0,/root/autodl-tmp/eagle3-phase4.4b-20260924/run-ordinary-c2/ordinary-c2-mixed-prompt-r0.json,4.351234194,58.833882201285164
ordinary,2,mixed-output,0,/root/autodl-tmp/eagle3-phase4.4b-20260924/run-ordinary-c2/ordinary-c2-mixed-output-r0.json,5.169014085,46.430517706743686
ordinary,2,short-short,1,/root/autodl-tmp/eagle3-phase4.4b-20260924/run-ordinary-c2/ordinary-c2-short-short-r1.json,2.096878313,61.04312262969167
ordinary,2,mixed-output,1,/root/autodl-tmp/eagle3-phase4.4b-20260924/run-ordinary-c2/ordinary-c2-mixed-output-r1.json,5.168491888,46.43520879992528
ordinary,2,mixed-prompt,1,/root/autodl-tmp/eagle3-phase4.4b-20260924/run-ordinary-c2/ordinary-c2-mixed-prompt-r1.json,4.400337599,58.1773544053023
ordinary,2,long-long,1,/root/autodl-tmp/eagle3-phase4.4b-20260924/run-ordinary-c2/ordinary-c2-long-long-r1.json,9.156756581,55.91499517005671
ordinary,2,long-short,1,/root/autodl-tmp/eagle3-phase4.4b-20260924/run-ordinary-c2/ordinary-c2-long-short-r1.json,2.625980457,48.74369862837102
ordinary,2,short-long,1,/root/autodl-tmp/eagle3-phase4.4b-20260924/run-ordinary-c2/ordinary-c2-short-long-r1.json,8.46960309,60.45147506434094
ordinary,2,long-short,2,/root/autodl-tmp/eagle3-phase4.4b-20260924/run-ordinary-c2/ordinary-c2-long-short-r2.json,2.622617887,48.80619499869979
ordinary,2,long-long,2,/root/autodl-tmp/eagle3-phase4.4b-20260924/run-ordinary-c2/ordinary-c2-long-long-r2.json,8.915668623,57.42698855800666
ordinary,2,mixed-prompt,2,/root/autodl-tmp/eagle3-phase4.4b-20260924/run-ordinary-c2/ordinary-c2-mixed-prompt-r2.json,4.377023789,58.48723067106913
ordinary,2,mixed-output,2,/root/autodl-tmp/eagle3-phase4.4b-20260924/run-ordinary-c2/ordinary-c2-mixed-output-r2.json,5.150074778,46.6012650972036
ordinary,2,short-short,2,/root/autodl-tmp/eagle3-phase4.4b-20260924/run-ordinary-c2/ordinary-c2-short-short-r2.json,2.110111994,60.66028739894457
ordinary,2,short-long,2,/root/autodl-tmp/eagle3-phase4.4b-20260924/run-ordinary-c2/ordinary-c2-short-long-r2.json,8.326554131,61.49002239639677
ordinary,2,long-short,3,/root/autodl-tmp/eagle3-phase4.4b-20260924/run-ordinary-c2/ordinary-c2-long-short-r3.json,2.583715365,49.541060804892496
ordinary,2,short-long,3,/root/autodl-tmp/eagle3-phase4.4b-20260924/run-ordinary-c2/ordinary-c2-short-long-r3.json,8.296286812,61.71435626591739
ordinary,2,short-short,3,/root/autodl-tmp/eagle3-phase4.4b-20260924/run-ordinary-c2/ordinary-c2-short-short-r3.json,2.091973345,61.18624804944635
ordinary,2,mixed-output,3,/root/autodl-tmp/eagle3-phase4.4b-20260924/run-ordinary-c2/ordinary-c2-mixed-output-r3.json,5.133568004,46.75110952323911
ordinary,2,mixed-prompt,3,/root/autodl-tmp/eagle3-phase4.4b-20260924/run-ordinary-c2/ordinary-c2-mixed-prompt-r3.json,4.380326402,58.44313334346813
ordinary,2,long-long,3,/root/autodl-tmp/eagle3-phase4.4b-20260924/run-ordinary-c2/ordinary-c2-long-long-r3.json,8.885542582,57.62169223488844
ordinary,2,mixed-prompt,4,/root/autodl-tmp/eagle3-phase4.4b-20260924/run-ordinary-c2/ordinary-c2-mixed-prompt-r4.json,4.395602808,58.240021035130795
ordinary,2,mixed-output,4,/root/autodl-tmp/eagle3-phase4.4b-20260924/run-ordinary-c2/ordinary-c2-mixed-output-r4.json,5.157601995,46.53325328954546
ordinary,2,short-short,4,/root/autodl-tmp/eagle3-phase4.4b-20260924/run-ordinary-c2/ordinary-c2-short-short-r4.json,2.100126972,60.94869582009254
ordinary,2,short-long,4,/root/autodl-tmp/eagle3-phase4.4b-20260924/run-ordinary-c2/ordinary-c2-short-long-r4.json,8.384354063,61.066123419029566
ordinary,2,long-short,4,/root/autodl-tmp/eagle3-phase4.4b-20260924/run-ordinary-c2/ordinary-c2-long-short-r4.json,2.613205637,48.98198526272351
ordinary,2,long-long,4,/root/autodl-tmp/eagle3-phase4.4b-20260924/run-ordinary-c2/ordinary-c2-long-long-r4.json,8.874507824,57.69334031295345
ordinary,4,short-short,0,/root/autodl-tmp/eagle3-phase4.4b-20260924/run-ordinary-c4/ordinary-c4-short-short-r0.json,2.141756835,119.52804156686629
ordinary,4,short-long,0,/root/autodl-tmp/eagle3-phase4.4b-20260924/run-ordinary-c4/ordinary-c4-short-long-r0.json,8.423903135,121.5588526588631
ordinary,4,long-short,0,/root/autodl-tmp/eagle3-phase4.4b-20260924/run-ordinary-c4/ordinary-c4-long-short-r0.json,3.165665248,80.867678653558
ordinary,4,long-long,0,/root/autodl-tmp/eagle3-phase4.4b-20260924/run-ordinary-c4/ordinary-c4-long-long-r0.json,9.494392104,107.85313991493857
ordinary,4,mixed-prompt,0,/root/autodl-tmp/eagle3-phase4.4b-20260924/run-ordinary-c4/ordinary-c4-mixed-prompt-r0.json,4.928743737,103.8804261938847
ordinary,4,mixed-output,0,/root/autodl-tmp/eagle3-phase4.4b-20260924/run-ordinary-c4/ordinary-c4-mixed-output-r0.json,6.417342073,74.79732177898505
ordinary,4,short-short,1,/root/autodl-tmp/eagle3-phase4.4b-20260924/run-ordinary-c4/ordinary-c4-short-short-r1.json,2.138884288,119.6885691461959
ordinary,4,mixed-output,1,/root/autodl-tmp/eagle3-phase4.4b-20260924/run-ordinary-c4/ordinary-c4-mixed-output-r1.json,6.65974206,72.0748635120562
ordinary,4,mixed-prompt,1,/root/autodl-tmp/eagle3-phase4.4b-20260924/run-ordinary-c4/ordinary-c4-mixed-prompt-r1.json,4.701637588,108.89822756793903
ordinary,4,long-long,1,/root/autodl-tmp/eagle3-phase4.4b-20260924/run-ordinary-c4/ordinary-c4-long-long-r1.json,9.652285177,106.08886716692167
ordinary,4,long-short,1,/root/autodl-tmp/eagle3-phase4.4b-20260924/run-ordinary-c4/ordinary-c4-long-short-r1.json,3.187492522,80.31391390978767
ordinary,4,short-long,1,/root/autodl-tmp/eagle3-phase4.4b-20260924/run-ordinary-c4/ordinary-c4-short-long-r1.json,8.459029851,121.05407097942158
ordinary,4,long-short,2,/root/autodl-tmp/eagle3-phase4.4b-20260924/run-ordinary-c4/ordinary-c4-long-short-r2.json,3.243196116,78.93448032237345
ordinary,4,long-long,2,/root/autodl-tmp/eagle3-phase4.4b-20260924/run-ordinary-c4/ordinary-c4-long-long-r2.json,9.546957155,107.2593061197204
ordinary,4,mixed-prompt,2,/root/autodl-tmp/eagle3-phase4.4b-20260924/run-ordinary-c4/ordinary-c4-mixed-prompt-r2.json,4.687431179,109.22827033574247
ordinary,4,mixed-output,2,/root/autodl-tmp/eagle3-phase4.4b-20260924/run-ordinary-c4/ordinary-c4-mixed-output-r2.json,6.457984172,74.32659901539319
ordinary,4,short-short,2,/root/autodl-tmp/eagle3-phase4.4b-20260924/run-ordinary-c4/ordinary-c4-short-short-r2.json,2.133424057,119.99489701076338
ordinary,4,short-long,2,/root/autodl-tmp/eagle3-phase4.4b-20260924/run-ordinary-c4/ordinary-c4-short-long-r2.json,8.7096673,117.57050696988162
ordinary,4,long-short,3,/root/autodl-tmp/eagle3-phase4.4b-20260924/run-ordinary-c4/ordinary-c4-long-short-r3.json,3.181876825,80.45566000186069
ordinary,4,short-long,3,/root/autodl-tmp/eagle3-phase4.4b-20260924/run-ordinary-c4/ordinary-c4-short-long-r3.json,8.388442155,122.0727259100948
ordinary,4,short-short,3,/root/autodl-tmp/eagle3-phase4.4b-20260924/run-ordinary-c4/ordinary-c4-short-short-r3.json,2.115554769,121.00844835182804
ordinary,4,mixed-output,3,/root/autodl-tmp/eagle3-phase4.4b-20260924/run-ordinary-c4/ordinary-c4-mixed-output-r3.json,6.397007248,75.03508772013197
ordinary,4,mixed-prompt,3,/root/autodl-tmp/eagle3-phase4.4b-20260924/run-ordinary-c4/ordinary-c4-mixed-prompt-r3.json,4.680495566,109.39012606256146
ordinary,4,long-long,3,/root/autodl-tmp/eagle3-phase4.4b-20260924/run-ordinary-c4/ordinary-c4-long-long-r3.json,9.449931797,108.36057042497193
ordinary,4,mixed-prompt,4,/root/autodl-tmp/eagle3-phase4.4b-20260924/run-ordinary-c4/ordinary-c4-mixed-prompt-r4.json,4.643912906,110.2518523416942
ordinary,4,mixed-output,4,/root/autodl-tmp/eagle3-phase4.4b-20260924/run-ordinary-c4/ordinary-c4-mixed-output-r4.json,6.397091931,75.03409442561598
ordinary,4,short-short,4,/root/autodl-tmp/eagle3-phase4.4b-20260924/run-ordinary-c4/ordinary-c4-short-short-r4.json,2.13635625,119.83020154059044
ordinary,4,short-long,4,/root/autodl-tmp/eagle3-phase4.4b-20260924/run-ordinary-c4/ordinary-c4-short-long-r4.json,8.457876459,121.07057899981085
ordinary,4,long-short,4,/root/autodl-tmp/eagle3-phase4.4b-20260924/run-ordinary-c4/ordinary-c4-long-short-r4.json,3.204136567,79.89671933356142
ordinary,4,long-long,4,/root/autodl-tmp/eagle3-phase4.4b-20260924/run-ordinary-c4/ordinary-c4-long-long-r4.json,9.518787072,107.57673138966922
eager,1,short-short,0,/root/autodl-tmp/eagle3-phase4.4b-20260924/run-speculative-c1/eager-c1-short-short-r0.json,1.971357461,64.92987828552926
never,1,short-short,0,/root/autodl-tmp/eagle3-phase4.4b-20260924/run-speculative-c1/never-c1-short-short-r0.json,1.948293485,65.69852077496425
second4,1,short-short,0,/root/autodl-tmp/eagle3-phase4.4b-20260924/run-speculative-c1/second4-c1-short-short-r0.json,4.893861817,26.155213364497005
never,1,short-long,0,/root/autodl-tmp/eagle3-phase4.4b-20260924/run-speculative-c1/never-c1-short-long-r0.json,7.318805492,69.95677102768398
second4,1,short-long,0,/root/autodl-tmp/eagle3-phase4.4b-20260924/run-speculative-c1/second4-c1-short-long-r0.json,12.750670493,40.15475109964478
eager,1,short-long,0,/root/autodl-tmp/eagle3-phase4.4b-20260924/run-speculative-c1/eager-c1-short-long-r0.json,6.694134453,76.48486949205889
second4,1,long-short,0,/root/autodl-tmp/eagle3-phase4.4b-20260924/run-speculative-c1/second4-c1-long-short-r0.json,3.026500216,42.29307479421637
eager,1,long-short,0,/root/autodl-tmp/eagle3-phase4.4b-20260924/run-speculative-c1/eager-c1-long-short-r0.json,2.052753175,62.35528048811811
never,1,long-short,0,/root/autodl-tmp/eagle3-phase4.4b-20260924/run-speculative-c1/never-c1-long-short-r0.json,2.128620255,60.13284882511841
second2,1,long-long,0,/root/autodl-tmp/eagle3-phase4.4b-20260924/run-speculative-c1/second2-c1-long-long-r0.json,13.294469404,38.51225531768503
second8,1,long-long,0,/root/autodl-tmp/eagle3-phase4.4b-20260924/run-speculative-c1/second8-c1-long-long-r0.json,12.665670168,40.42423284427345
eager,1,long-long,0,/root/autodl-tmp/eagle3-phase4.4b-20260924/run-speculative-c1/eager-c1-long-long-r0.json,7.100819905,72.1043494765271
never,1,long-long,0,/root/autodl-tmp/eagle3-phase4.4b-20260924/run-speculative-c1/never-c1-long-long-r0.json,7.328102379,69.86801951173996
second4,1,long-long,0,/root/autodl-tmp/eagle3-phase4.4b-20260924/run-speculative-c1/second4-c1-long-long-r0.json,13.190415086,38.81606429076102
eager,1,mixed-prompt,0,/root/autodl-tmp/eagle3-phase4.4b-20260924/run-speculative-c1/eager-c1-mixed-prompt-r0.json,4.227277321,60.559073976116835
never,1,mixed-prompt,0,/root/autodl-tmp/eagle3-phase4.4b-20260924/run-speculative-c1/never-c1-mixed-prompt-r0.json,3.388143778,75.5575963636098
second4,1,mixed-prompt,0,/root/autodl-tmp/eagle3-phase4.4b-20260924/run-speculative-c1/second4-c1-mixed-prompt-r0.json,3.37672311,75.81314536624829
eager,1,mixed-output,0,/root/autodl-tmp/eagle3-phase4.4b-20260924/run-speculative-c1/eager-c1-mixed-output-r0.json,2.996610166,80.09049783087468
never,1,mixed-output,0,/root/autodl-tmp/eagle3-phase4.4b-20260924/run-speculative-c1/never-c1-mixed-output-r0.json,3.118587866,76.95790861516807
second4,1,mixed-output,0,/root/autodl-tmp/eagle3-phase4.4b-20260924/run-speculative-c1/second4-c1-mixed-output-r0.json,5.743783055,41.78430795555178
second2,1,mixed-output,0,/root/autodl-tmp/eagle3-phase4.4b-20260924/run-speculative-c1/second2-c1-mixed-output-r0.json,7.258113737,33.06644242519122
second8,1,mixed-output,0,/root/autodl-tmp/eagle3-phase4.4b-20260924/run-speculative-c1/second8-c1-mixed-output-r0.json,5.224809723,45.93468714152444
eager,1,short-short,1,/root/autodl-tmp/eagle3-phase4.4b-20260924/run-speculative-c1/eager-c1-short-short-r1.json,1.94294154,65.879491155457
second4,1,short-short,1,/root/autodl-tmp/eagle3-phase4.4b-20260924/run-speculative-c1/second4-c1-short-short-r1.json,5.827687825,21.964114043806045
never,1,short-short,1,/root/autodl-tmp/eagle3-phase4.4b-20260924/run-speculative-c1/never-c1-short-short-r1.json,2.007337723,63.76605118978278
eager,1,mixed-output,1,/root/autodl-tmp/eagle3-phase4.4b-20260924/run-speculative-c1/eager-c1-mixed-output-r1.json,2.984724376,80.40943476383495
second8,1,mixed-output,1,/root/autodl-tmp/eagle3-phase4.4b-20260924/run-speculative-c1/second8-c1-mixed-output-r1.json,5.371422871,44.6808984814333
second2,1,mixed-output,1,/root/autodl-tmp/eagle3-phase4.4b-20260924/run-speculative-c1/second2-c1-mixed-output-r1.json,7.956326396,30.164675008890875
second4,1,mixed-output,1,/root/autodl-tmp/eagle3-phase4.4b-20260924/run-speculative-c1/second4-c1-mixed-output-r1.json,5.848529902,41.03595331160538
never,1,mixed-output,1,/root/autodl-tmp/eagle3-phase4.4b-20260924/run-speculative-c1/never-c1-mixed-output-r1.json,3.181598121,75.43378857810181
second4,1,mixed-prompt,1,/root/autodl-tmp/eagle3-phase4.4b-20260924/run-speculative-c1/second4-c1-mixed-prompt-r1.json,4.452181421,57.49990303461176
never,1,mixed-prompt,1,/root/autodl-tmp/eagle3-phase4.4b-20260924/run-speculative-c1/never-c1-mixed-prompt-r1.json,3.347699225,76.47043022510482
eager,1,mixed-prompt,1,/root/autodl-tmp/eagle3-phase4.4b-20260924/run-speculative-c1/eager-c1-mixed-prompt-r1.json,3.243007629,78.93906807704275
second2,1,long-long,1,/root/autodl-tmp/eagle3-phase4.4b-20260924/run-speculative-c1/second2-c1-long-long-r1.json,13.200337869,38.786885993455776
second4,1,long-long,1,/root/autodl-tmp/eagle3-phase4.4b-20260924/run-speculative-c1/second4-c1-long-long-r1.json,13.874494969,36.902244092053046
never,1,long-long,1,/root/autodl-tmp/eagle3-phase4.4b-20260924/run-speculative-c1/never-c1-long-long-r1.json,7.362160255,69.54480509335232
eager,1,long-long,1,/root/autodl-tmp/eagle3-phase4.4b-20260924/run-speculative-c1/eager-c1-long-long-r1.json,6.972436634,73.43200474613306
second8,1,long-long,1,/root/autodl-tmp/eagle3-phase4.4b-20260924/run-speculative-c1/second8-c1-long-long-r1.json,12.444334525,41.143220553209936
second4,1,long-short,1,/root/autodl-tmp/eagle3-phase4.4b-20260924/run-speculative-c1/second4-c1-long-short-r1.json,3.621900645,35.34056081209815
never,1,long-short,1,/root/autodl-tmp/eagle3-phase4.4b-20260924/run-speculative-c1/never-c1-long-short-r1.json,2.508205481,51.032501511386336
eager,1,long-short,1,/root/autodl-tmp/eagle3-phase4.4b-20260924/run-speculative-c1/eager-c1-long-short-r1.json,2.021880929,63.30738777149819
never,1,short-long,1,/root/autodl-tmp/eagle3-phase4.4b-20260924/run-speculative-c1/never-c1-short-long-r1.json,6.961136295,73.55121036313511
eager,1,short-long,1,/root/autodl-tmp/eagle3-phase4.4b-20260924/run-speculative-c1/eager-c1-short-long-r1.json,6.771751511,75.60820847727648
second4,1,short-long,1,/root/autodl-tmp/eagle3-phase4.4b-20260924/run-speculative-c1/second4-c1-short-long-r1.json,12.555144416,40.78009643182745
eager,1,long-short,2,/root/autodl-tmp/eagle3-phase4.4b-20260924/run-speculative-c1/eager-c1-long-short-r2.json,2.07776956,61.60452172569128
never,1,long-short,2,/root/autodl-tmp/eagle3-phase4.4b-20260924/run-speculative-c1/never-c1-long-short-r2.json,2.152105521,59.47663753054421
second4,1,long-short,2,/root/autodl-tmp/eagle3-phase4.4b-20260924/run-speculative-c1/second4-c1-long-short-r2.json,2.776806114,46.09612437636688
eager,1,long-long,2,/root/autodl-tmp/eagle3-phase4.4b-20260924/run-speculative-c1/eager-c1-long-long-r2.json,7.058278946,72.53892966218851
never,1,long-long,2,/root/autodl-tmp/eagle3-phase4.4b-20260924/run-speculative-c1/never-c1-long-long-r2.json,7.414938014,69.04980176952293
second4,1,long-long,2,/root/autodl-tmp/eagle3-phase4.4b-20260924/run-speculative-c1/second4-c1-long-long-r2.json,13.211873577,38.75301992681185
second2,1,long-long,2,/root/autodl-tmp/eagle3-phase4.4b-20260924/run-speculative-c1/second2-c1-long-long-r2.json,14.076574322,36.372485825603555
second8,1,long-long,2,/root/autodl-tmp/eagle3-phase4.4b-20260924/run-speculative-c1/second8-c1-long-long-r2.json,12.726528235,40.230924769562655
never,1,mixed-prompt,2,/root/autodl-tmp/eagle3-phase4.4b-20260924/run-speculative-c1/never-c1-mixed-prompt-r2.json,3.370365786,75.95614727142853
second4,1,mixed-prompt,2,/root/autodl-tmp/eagle3-phase4.4b-20260924/run-speculative-c1/second4-c1-mixed-prompt-r2.json,3.317063359,77.17669887293823
eager,1,mixed-prompt,2,/root/autodl-tmp/eagle3-phase4.4b-20260924/run-speculative-c1/eager-c1-mixed-prompt-r2.json,3.19278903,80.18068140255419
second4,1,mixed-output,2,/root/autodl-tmp/eagle3-phase4.4b-20260924/run-speculative-c1/second4-c1-mixed-output-r2.json,7.591873372,31.61275066641088
second2,1,mixed-output,2,/root/autodl-tmp/eagle3-phase4.4b-20260924/run-speculative-c1/second2-c1-mixed-output-r2.json,7.58789388,31.629330061215878
second8,1,mixed-output,2,/root/autodl-tmp/eagle3-phase4.4b-20260924/run-speculative-c1/second8-c1-mixed-output-r2.json,5.024264762,47.7681832803062
eager,1,mixed-output,2,/root/autodl-tmp/eagle3-phase4.4b-20260924/run-speculative-c1/eager-c1-mixed-output-r2.json,2.911163549,82.44126307587263
never,1,mixed-output,2,/root/autodl-tmp/eagle3-phase4.4b-20260924/run-speculative-c1/never-c1-mixed-output-r2.json,2.995688158,80.11514795326036
second4,1,short-short,2,/root/autodl-tmp/eagle3-phase4.4b-20260924/run-speculative-c1/second4-c1-short-short-r2.json,4.220537414,30.327891319102996
eager,1,short-short,2,/root/autodl-tmp/eagle3-phase4.4b-20260924/run-speculative-c1/eager-c1-short-short-r2.json,1.934234753,66.17604186951552
never,1,short-short,2,/root/autodl-tmp/eagle3-phase4.4b-20260924/run-speculative-c1/never-c1-short-short-r2.json,2.018935722,63.39974007354752
eager,1,short-long,2,/root/autodl-tmp/eagle3-phase4.4b-20260924/run-speculative-c1/eager-c1-short-long-r2.json,7.178570068,71.32339660266724
never,1,short-long,2,/root/autodl-tmp/eagle3-phase4.4b-20260924/run-speculative-c1/never-c1-short-long-r2.json,7.453529287,68.69229062975573
second4,1,short-long,2,/root/autodl-tmp/eagle3-phase4.4b-20260924/run-speculative-c1/second4-c1-short-long-r2.json,13.210048216,38.758374808947785
second4,1,long-short,3,/root/autodl-tmp/eagle3-phase4.4b-20260924/run-speculative-c1/second4-c1-long-short-r3.json,3.078694195,41.57606825903019
never,1,long-short,3,/root/autodl-tmp/eagle3-phase4.4b-20260924/run-speculative-c1/never-c1-long-short-r3.json,2.309564913,55.421694051341866
eager,1,long-short,3,/root/autodl-tmp/eagle3-phase4.4b-20260924/run-speculative-c1/eager-c1-long-short-r3.json,2.038324143,62.79668542394339
second4,1,short-long,3,/root/autodl-tmp/eagle3-phase4.4b-20260924/run-speculative-c1/second4-c1-short-long-r3.json,14.018297767,36.5236927129114
never,1,short-long,3,/root/autodl-tmp/eagle3-phase4.4b-20260924/run-speculative-c1/never-c1-short-long-r3.json,8.443692559,60.63697800724248
eager,1,short-long,3,/root/autodl-tmp/eagle3-phase4.4b-20260924/run-speculative-c1/eager-c1-short-long-r3.json,7.121235208,71.89763925011476
second4,1,short-short,3,/root/autodl-tmp/eagle3-phase4.4b-20260924/run-speculative-c1/second4-c1-short-short-r3.json,4.388315168,29.168369886782024
never,1,short-short,3,/root/autodl-tmp/eagle3-phase4.4b-20260924/run-speculative-c1/never-c1-short-short-r3.json,2.115391511,60.508893665499826
eager,1,short-short,3,/root/autodl-tmp/eagle3-phase4.4b-20260924/run-speculative-c1/eager-c1-short-short-r3.json,2.000635333,63.97967580031738
second4,1,mixed-output,3,/root/autodl-tmp/eagle3-phase4.4b-20260924/run-speculative-c1/second4-c1-mixed-output-r3.json,5.712181216,42.01547376118818
never,1,mixed-output,3,/root/autodl-tmp/eagle3-phase4.4b-20260924/run-speculative-c1/never-c1-mixed-output-r3.json,3.050614803,78.6726661668271
eager,1,mixed-output,3,/root/autodl-tmp/eagle3-phase4.4b-20260924/run-speculative-c1/eager-c1-mixed-output-r3.json,2.944406861,81.51047437733844
second8,1,mixed-output,3,/root/autodl-tmp/eagle3-phase4.4b-20260924/run-speculative-c1/second8-c1-mixed-output-r3.json,5.309811146,45.19934766056555
second2,1,mixed-output,3,/root/autodl-tmp/eagle3-phase4.4b-20260924/run-speculative-c1/second2-c1-mixed-output-r3.json,7.478993262,32.089880494934455
never,1,mixed-prompt,3,/root/autodl-tmp/eagle3-phase4.4b-20260924/run-speculative-c1/never-c1-mixed-prompt-r3.json,3.374963743,75.85266672300367
eager,1,mixed-prompt,3,/root/autodl-tmp/eagle3-phase4.4b-20260924/run-speculative-c1/eager-c1-mixed-prompt-r3.json,3.212704345,79.6836473292098
second4,1,mixed-prompt,3,/root/autodl-tmp/eagle3-phase4.4b-20260924/run-speculative-c1/second4-c1-mixed-prompt-r3.json,3.325581894,76.97900943647608
eager,1,long-long,3,/root/autodl-tmp/eagle3-phase4.4b-20260924/run-speculative-c1/eager-c1-long-long-r3.json,7.10481146,72.06384052308124
second8,1,long-long,3,/root/autodl-tmp/eagle3-phase4.4b-20260924/run-speculative-c1/second8-c1-long-long-r3.json,12.664094864,40.429261269627204
second2,1,long-long,3,/root/autodl-tmp/eagle3-phase4.4b-20260924/run-speculative-c1/second2-c1-long-long-r3.json,13.374491427,38.281829465783694
second4,1,long-long,3,/root/autodl-tmp/eagle3-phase4.4b-20260924/run-speculative-c1/second4-c1-long-long-r3.json,13.182067214,38.84064552911936
never,1,long-long,3,/root/autodl-tmp/eagle3-phase4.4b-20260924/run-speculative-c1/never-c1-long-long-r3.json,7.369666583,69.47397066524793
eager,1,mixed-prompt,4,/root/autodl-tmp/eagle3-phase4.4b-20260924/run-speculative-c1/eager-c1-mixed-prompt-r4.json,3.259121239,78.54878086049624
never,1,mixed-prompt,4,/root/autodl-tmp/eagle3-phase4.4b-20260924/run-speculative-c1/never-c1-mixed-prompt-r4.json,3.384599817,75.63671152913733
second4,1,mixed-prompt,4,/root/autodl-tmp/eagle3-phase4.4b-20260924/run-speculative-c1/second4-c1-mixed-prompt-r4.json,3.350146649,76.41456533743518
second8,1,mixed-output,4,/root/autodl-tmp/eagle3-phase4.4b-20260924/run-speculative-c1/second8-c1-mixed-output-r4.json,4.82184079,49.77352228172594
eager,1,mixed-output,4,/root/autodl-tmp/eagle3-phase4.4b-20260924/run-speculative-c1/eager-c1-mixed-output-r4.json,3.03050905,79.19461583525052
never,1,mixed-output,4,/root/autodl-tmp/eagle3-phase4.4b-20260924/run-speculative-c1/never-c1-mixed-output-r4.json,3.165969574,75.80616123760639
second4,1,mixed-output,4,/root/autodl-tmp/eagle3-phase4.4b-20260924/run-speculative-c1/second4-c1-mixed-output-r4.json,7.098510945,33.80990772001972
second2,1,mixed-output,4,/root/autodl-tmp/eagle3-phase4.4b-20260924/run-speculative-c1/second2-c1-mixed-output-r4.json,8.321777967,28.839990799047957
eager,1,short-short,4,/root/autodl-tmp/eagle3-phase4.4b-20260924/run-speculative-c1/eager-c1-short-short-r4.json,1.981019273,64.6132027812937
never,1,short-short,4,/root/autodl-tmp/eagle3-phase4.4b-20260924/run-speculative-c1/never-c1-short-short-r4.json,2.045500815,62.57636225874591
second4,1,short-short,4,/root/autodl-tmp/eagle3-phase4.4b-20260924/run-speculative-c1/second4-c1-short-short-r4.json,3.544002037,36.117360730512466
eager,1,short-long,4,/root/autodl-tmp/eagle3-phase4.4b-20260924/run-speculative-c1/eager-c1-short-long-r4.json,7.323520349,69.9117331011324
never,1,short-long,4,/root/autodl-tmp/eagle3-phase4.4b-20260924/run-speculative-c1/never-c1-short-long-r4.json,7.189860626,71.2113942999818
second4,1,short-long,4,/root/autodl-tmp/eagle3-phase4.4b-20260924/run-speculative-c1/second4-c1-short-long-r4.json,13.922061752,36.77616211739958
never,1,long-short,4,/root/autodl-tmp/eagle3-phase4.4b-20260924/run-speculative-c1/never-c1-long-short-r4.json,2.159901109,59.261972442461484
second4,1,long-short,4,/root/autodl-tmp/eagle3-phase4.4b-20260924/run-speculative-c1/second4-c1-long-short-r4.json,3.112901672,41.119191509111054
eager,1,long-short,4,/root/autodl-tmp/eagle3-phase4.4b-20260924/run-speculative-c1/eager-c1-long-short-r4.json,2.05728555,62.21790650306176
second4,1,long-long,4,/root/autodl-tmp/eagle3-phase4.4b-20260924/run-speculative-c1/second4-c1-long-long-r4.json,12.830180016,39.905909298350096
second2,1,long-long,4,/root/autodl-tmp/eagle3-phase4.4b-20260924/run-speculative-c1/second2-c1-long-long-r4.json,13.163455808,38.89556112528106
second8,1,long-long,4,/root/autodl-tmp/eagle3-phase4.4b-20260924/run-speculative-c1/second8-c1-long-long-r4.json,12.683688971,40.36680504943296
eager,1,long-long,4,/root/autodl-tmp/eagle3-phase4.4b-20260924/run-speculative-c1/eager-c1-long-long-r4.json,6.863164255,74.60115785907269
never,1,long-long,4,/root/autodl-tmp/eagle3-phase4.4b-20260924/run-speculative-c1/never-c1-long-long-r4.json,7.138670166,71.72204179407944
eager,2,short-short,0,/root/autodl-tmp/eagle3-phase4.4b-20260924/run-speculative-c2/eager-c2-short-short-r0.json,1.51879556,84.27730721045826
never,2,short-short,0,/root/autodl-tmp/eagle3-phase4.4b-20260924/run-speculative-c2/never-c2-short-short-r0.json,1.519254883,84.25182728209799
second4,2,short-short,0,/root/autodl-tmp/eagle3-phase4.4b-20260924/run-speculative-c2/second4-c2-short-short-r0.json,1.5063989,84.97085333771818
never,2,short-long,0,/root/autodl-tmp/eagle3-phase4.4b-20260924/run-speculative-c2/never-c2-short-long-r0.json,5.060414325,101.17748609448101
second4,2,short-long,0,/root/autodl-tmp/eagle3-phase4.4b-20260924/run-speculative-c2/second4-c2-short-long-r0.json,5.496227789,93.15479992017485
eager,2,short-long,0,/root/autodl-tmp/eagle3-phase4.4b-20260924/run-speculative-c2/eager-c2-short-long-r0.json,4.908981752,104.29861544940614
second4,2,long-short,0,/root/autodl-tmp/eagle3-phase4.4b-20260924/run-speculative-c2/second4-c2-long-short-r0.json,1.737986928,73.64842504730277
eager,2,long-short,0,/root/autodl-tmp/eagle3-phase4.4b-20260924/run-speculative-c2/eager-c2-long-short-r0.json,1.707310143,74.97173288918954
never,2,long-short,0,/root/autodl-tmp/eagle3-phase4.4b-20260924/run-speculative-c2/never-c2-long-short-r0.json,1.753712438,72.98802085590272
second2,2,long-long,0,/root/autodl-tmp/eagle3-phase4.4b-20260924/run-speculative-c2/second2-c2-long-long-r0.json,7.913667261,64.69819656472413
second8,2,long-long,0,/root/autodl-tmp/eagle3-phase4.4b-20260924/run-speculative-c2/second8-c2-long-long-r0.json,7.538410079,67.91883097820526
eager,2,long-long,0,/root/autodl-tmp/eagle3-phase4.4b-20260924/run-speculative-c2/eager-c2-long-long-r0.json,4.704717395,108.82694049681596
never,2,long-long,0,/root/autodl-tmp/eagle3-phase4.4b-20260924/run-speculative-c2/never-c2-long-long-r0.json,4.950322459,103.42760582578849
second4,2,long-long,0,/root/autodl-tmp/eagle3-phase4.4b-20260924/run-speculative-c2/second4-c2-long-long-r0.json,6.276198338,81.57804652221301
eager,2,mixed-prompt,0,/root/autodl-tmp/eagle3-phase4.4b-20260924/run-speculative-c2/eager-c2-mixed-prompt-r0.json,1.979925468,129.29779637543407
never,2,mixed-prompt,0,/root/autodl-tmp/eagle3-phase4.4b-20260924/run-speculative-c2/never-c2-mixed-prompt-r0.json,2.132662856,120.03772620682807
second4,2,mixed-prompt,0,/root/autodl-tmp/eagle3-phase4.4b-20260924/run-speculative-c2/second4-c2-mixed-prompt-r0.json,2.134723336,119.92186326106663
eager,2,mixed-output,0,/root/autodl-tmp/eagle3-phase4.4b-20260924/run-speculative-c2/eager-c2-mixed-output-r0.json,2.255296989,106.41613994546064
never,2,mixed-output,0,/root/autodl-tmp/eagle3-phase4.4b-20260924/run-speculative-c2/never-c2-mixed-output-r0.json,2.435662265,98.5358288169727
second4,2,mixed-output,0,/root/autodl-tmp/eagle3-phase4.4b-20260924/run-speculative-c2/second4-c2-mixed-output-r0.json,3.211430789,74.73304448038036
second2,2,mixed-output,0,/root/autodl-tmp/eagle3-phase4.4b-20260924/run-speculative-c2/second2-c2-mixed-output-r0.json,3.28701567,73.01455913047107
second8,2,mixed-output,0,/root/autodl-tmp/eagle3-phase4.4b-20260924/run-speculative-c2/second8-c2-mixed-output-r0.json,3.154099066,76.09145907530603
eager,2,short-short,1,/root/autodl-tmp/eagle3-phase4.4b-20260924/run-speculative-c2/eager-c2-short-short-r1.json,1.143316916,111.95496035151814
second4,2,short-short,1,/root/autodl-tmp/eagle3-phase4.4b-20260924/run-speculative-c2/second4-c2-short-short-r1.json,2.617081619,48.90944136809514
never,2,short-short,1,/root/autodl-tmp/eagle3-phase4.4b-20260924/run-speculative-c2/never-c2-short-short-r1.json,1.279463568,100.04192632079696
eager,2,mixed-output,1,/root/autodl-tmp/eagle3-phase4.4b-20260924/run-speculative-c2/eager-c2-mixed-output-r1.json,2.256422151,106.36307567430896
second8,2,mixed-output,1,/root/autodl-tmp/eagle3-phase4.4b-20260924/run-speculative-c2/second8-c2-mixed-output-r1.json,2.339567631,102.58305715121257
second2,2,mixed-output,1,/root/autodl-tmp/eagle3-phase4.4b-20260924/run-speculative-c2/second2-c2-mixed-output-r1.json,2.34328428,102.42035166130164
second4,2,mixed-output,1,/root/autodl-tmp/eagle3-phase4.4b-20260924/run-speculative-c2/second4-c2-mixed-output-r1.json,2.342012314,102.4759769901022
never,2,mixed-output,1,/root/autodl-tmp/eagle3-phase4.4b-20260924/run-speculative-c2/never-c2-mixed-output-r1.json,2.374604329,101.06946958235753
second4,2,mixed-prompt,1,/root/autodl-tmp/eagle3-phase4.4b-20260924/run-speculative-c2/second4-c2-mixed-prompt-r1.json,2.226980298,114.95386835254345
never,2,mixed-prompt,1,/root/autodl-tmp/eagle3-phase4.4b-20260924/run-speculative-c2/never-c2-mixed-prompt-r1.json,2.230314677,114.78200930119243
eager,2,mixed-prompt,1,/root/autodl-tmp/eagle3-phase4.4b-20260924/run-speculative-c2/eager-c2-mixed-prompt-r1.json,2.07299802,123.49264086610174
second2,2,long-long,1,/root/autodl-tmp/eagle3-phase4.4b-20260924/run-speculative-c2/second2-c2-long-long-r1.json,6.269750323,81.66194403655521
second4,2,long-long,1,/root/autodl-tmp/eagle3-phase4.4b-20260924/run-speculative-c2/second4-c2-long-long-r1.json,5.891921324,86.89864847896601
never,2,long-long,1,/root/autodl-tmp/eagle3-phase4.4b-20260924/run-speculative-c2/never-c2-long-long-r1.json,4.84534443,105.66844264567587
eager,2,long-long,1,/root/autodl-tmp/eagle3-phase4.4b-20260924/run-speculative-c2/eager-c2-long-long-r1.json,4.525173793,113.14482568426737
second8,2,long-long,1,/root/autodl-tmp/eagle3-phase4.4b-20260924/run-speculative-c2/second8-c2-long-long-r1.json,5.888177524,86.95390006722901
second4,2,long-short,1,/root/autodl-tmp/eagle3-phase4.4b-20260924/run-speculative-c2/second4-c2-long-short-r1.json,2.273931033,56.29018564873951
never,2,long-short,1,/root/autodl-tmp/eagle3-phase4.4b-20260924/run-speculative-c2/never-c2-long-short-r1.json,1.571897296,81.43025649685957
eager,2,long-short,1,/root/autodl-tmp/eagle3-phase4.4b-20260924/run-speculative-c2/eager-c2-long-short-r1.json,1.432187565,89.37376858177092
never,2,short-long,1,/root/autodl-tmp/eagle3-phase4.4b-20260924/run-speculative-c2/never-c2-short-long-r1.json,4.730854855,108.22568345314411
eager,2,short-long,1,/root/autodl-tmp/eagle3-phase4.4b-20260924/run-speculative-c2/eager-c2-short-long-r1.json,5.128341866,99.83733795019975
second4,2,short-long,1,/root/autodl-tmp/eagle3-phase4.4b-20260924/run-speculative-c2/second4-c2-short-long-r1.json,6.778440727,75.53359550089343
eager,2,long-short,2,/root/autodl-tmp/eagle3-phase4.4b-20260924/run-speculative-c2/eager-c2-long-short-r2.json,1.660592693,77.08091245948894
never,2,long-short,2,/root/autodl-tmp/eagle3-phase4.4b-20260924/run-speculative-c2/never-c2-long-short-r2.json,1.700628576,75.26628789283616
second4,2,long-short,2,/root/autodl-tmp/eagle3-phase4.4b-20260924/run-speculative-c2/second4-c2-long-short-r2.json,1.717205389,74.53971482965105
eager,2,long-long,2,/root/autodl-tmp/eagle3-phase4.4b-20260924/run-speculative-c2/eager-c2-long-long-r2.json,5.222013706,98.04646805344865
never,2,long-long,2,/root/autodl-tmp/eagle3-phase4.4b-20260924/run-speculative-c2/never-c2-long-long-r2.json,4.973226284,102.9512776539488
second4,2,long-long,2,/root/autodl-tmp/eagle3-phase4.4b-20260924/run-speculative-c2/second4-c2-long-long-r2.json,6.025760888,84.9685225677677
second2,2,long-long,2,/root/autodl-tmp/eagle3-phase4.4b-20260924/run-speculative-c2/second2-c2-long-long-r2.json,7.315155387,69.99167794984804
second8,2,long-long,2,/root/autodl-tmp/eagle3-phase4.4b-20260924/run-speculative-c2/second8-c2-long-long-r2.json,7.014373919,72.99297213299872
never,2,mixed-prompt,2,/root/autodl-tmp/eagle3-phase4.4b-20260924/run-speculative-c2/never-c2-mixed-prompt-r2.json,2.533282609,101.05465497236989
second4,2,mixed-prompt,2,/root/autodl-tmp/eagle3-phase4.4b-20260924/run-speculative-c2/second4-c2-mixed-prompt-r2.json,2.523630199,101.44116998656982
eager,2,mixed-prompt,2,/root/autodl-tmp/eagle3-phase4.4b-20260924/run-speculative-c2/eager-c2-mixed-prompt-r2.json,2.444671338,104.71755283449885
second4,2,mixed-output,2,/root/autodl-tmp/eagle3-phase4.4b-20260924/run-speculative-c2/second4-c2-mixed-output-r2.json,3.575788069,67.11807170023867
second2,2,mixed-output,2,/root/autodl-tmp/eagle3-phase4.4b-20260924/run-speculative-c2/second2-c2-mixed-output-r2.json,3.498805229,68.59484432307049
second8,2,mixed-output,2,/root/autodl-tmp/eagle3-phase4.4b-20260924/run-speculative-c2/second8-c2-mixed-output-r2.json,3.503893414,68.49523419892475
eager,2,mixed-output,2,/root/autodl-tmp/eagle3-phase4.4b-20260924/run-speculative-c2/eager-c2-mixed-output-r2.json,2.576501832,93.14955534640582
never,2,mixed-output,2,/root/autodl-tmp/eagle3-phase4.4b-20260924/run-speculative-c2/never-c2-mixed-output-r2.json,2.307854675,103.99268316147332
second4,2,short-short,2,/root/autodl-tmp/eagle3-phase4.4b-20260924/run-speculative-c2/second4-c2-short-short-r2.json,2.100734489,60.93106990447473
eager,2,short-short,2,/root/autodl-tmp/eagle3-phase4.4b-20260924/run-speculative-c2/eager-c2-short-short-r2.json,1.172076066,109.20792917206451
never,2,short-short,2,/root/autodl-tmp/eagle3-phase4.4b-20260924/run-speculative-c2/never-c2-short-short-r2.json,1.344754628,95.18465103955009
eager,2,short-long,2,/root/autodl-tmp/eagle3-phase4.4b-20260924/run-speculative-c2/eager-c2-short-long-r2.json,4.45834279,114.84087790387244
never,2,short-long,2,/root/autodl-tmp/eagle3-phase4.4b-20260924/run-speculative-c2/never-c2-short-long-r2.json,4.916237022,104.1446939414875
second4,2,short-long,2,/root/autodl-tmp/eagle3-phase4.4b-20260924/run-speculative-c2/second4-c2-short-long-r2.json,6.349872785,80.63153662061909
second4,2,long-short,3,/root/autodl-tmp/eagle3-phase4.4b-20260924/run-speculative-c2/second4-c2-long-short-r3.json,2.376685989,53.856504642355596
never,2,long-short,3,/root/autodl-tmp/eagle3-phase4.4b-20260924/run-speculative-c2/never-c2-long-short-r3.json,1.513832395,84.55361400824033
eager,2,long-short,3,/root/autodl-tmp/eagle3-phase4.4b-20260924/run-speculative-c2/eager-c2-long-short-r3.json,1.442116029,88.75846147328275
second4,2,short-long,3,/root/autodl-tmp/eagle3-phase4.4b-20260924/run-speculative-c2/second4-c2-short-long-r3.json,5.980151582,85.61655887471115
never,2,short-long,3,/root/autodl-tmp/eagle3-phase4.4b-20260924/run-speculative-c2/never-c2-short-long-r3.json,5.486174072,93.32551123616626
eager,2,short-long,3,/root/autodl-tmp/eagle3-phase4.4b-20260924/run-speculative-c2/eager-c2-short-long-r3.json,5.262514354,97.29189614672165
second4,2,short-short,3,/root/autodl-tmp/eagle3-phase4.4b-20260924/run-speculative-c2/second4-c2-short-short-r3.json,2.292969669,55.82280556542329
never,2,short-short,3,/root/autodl-tmp/eagle3-phase4.4b-20260924/run-speculative-c2/never-c2-short-short-r3.json,1.591310855,80.43682954704661
eager,2,short-short,3,/root/autodl-tmp/eagle3-phase4.4b-20260924/run-speculative-c2/eager-c2-short-short-r3.json,1.538093709,83.21989697443071
second4,2,mixed-output,3,/root/autodl-tmp/eagle3-phase4.4b-20260924/run-speculative-c2/second4-c2-mixed-output-r3.json,2.7991049,85.74169549701406
never,2,mixed-output,3,/root/autodl-tmp/eagle3-phase4.4b-20260924/run-speculative-c2/never-c2-mixed-output-r3.json,2.502699994,95.89643208350125
eager,2,mixed-output,3,/root/autodl-tmp/eagle3-phase4.4b-20260924/run-speculative-c2/eager-c2-mixed-output-r3.json,2.18378254,109.90105269364412
second8,2,mixed-output,3,/root/autodl-tmp/eagle3-phase4.4b-20260924/run-speculative-c2/second8-c2-mixed-output-r3.json,2.281744927,105.18265962162036
second2,2,mixed-output,3,/root/autodl-tmp/eagle3-phase4.4b-20260924/run-speculative-c2/second2-c2-mixed-output-r3.json,2.284864311,105.0390602385316
never,2,mixed-prompt,3,/root/autodl-tmp/eagle3-phase4.4b-20260924/run-speculative-c2/never-c2-mixed-prompt-r3.json,2.164810978,118.25512832372564
eager,2,mixed-prompt,3,/root/autodl-tmp/eagle3-phase4.4b-20260924/run-speculative-c2/eager-c2-mixed-prompt-r3.json,2.029992409,126.10884595677324
second4,2,mixed-prompt,3,/root/autodl-tmp/eagle3-phase4.4b-20260924/run-speculative-c2/second4-c2-mixed-prompt-r3.json,2.183255308,117.25609875398045
eager,2,long-long,3,/root/autodl-tmp/eagle3-phase4.4b-20260924/run-speculative-c2/eager-c2-long-long-r3.json,4.517507948,113.3368232869792
second8,2,long-long,3,/root/autodl-tmp/eagle3-phase4.4b-20260924/run-speculative-c2/second8-c2-long-long-r3.json,7.481572065,68.43481497628267
second2,2,long-long,3,/root/autodl-tmp/eagle3-phase4.4b-20260924/run-speculative-c2/second2-c2-long-long-r3.json,8.165624379,62.70188000769904
second4,2,long-long,3,/root/autodl-tmp/eagle3-phase4.4b-20260924/run-speculative-c2/second4-c2-long-long-r3.json,7.88042236,64.97113690236267
never,2,long-long,3,/root/autodl-tmp/eagle3-phase4.4b-20260924/run-speculative-c2/never-c2-long-long-r3.json,5.0653006,101.07988457782743
eager,2,mixed-prompt,4,/root/autodl-tmp/eagle3-phase4.4b-20260924/run-speculative-c2/eager-c2-mixed-prompt-r4.json,2.077546415,123.22227708207424
never,2,mixed-prompt,4,/root/autodl-tmp/eagle3-phase4.4b-20260924/run-speculative-c2/never-c2-mixed-prompt-r4.json,2.216371076,115.50412418394149
second4,2,mixed-prompt,4,/root/autodl-tmp/eagle3-phase4.4b-20260924/run-speculative-c2/second4-c2-mixed-prompt-r4.json,2.232971136,114.64545863256515
second8,2,mixed-output,4,/root/autodl-tmp/eagle3-phase4.4b-20260924/run-speculative-c2/second8-c2-mixed-output-r4.json,2.736693823,87.69705912403047
eager,2,mixed-output,4,/root/autodl-tmp/eagle3-phase4.4b-20260924/run-speculative-c2/eager-c2-mixed-output-r4.json,2.289319931,104.83462654132634
never,2,mixed-output,4,/root/autodl-tmp/eagle3-phase4.4b-20260924/run-speculative-c2/never-c2-mixed-output-r4.json,2.425860727,98.93395664836945
second4,2,mixed-output,4,/root/autodl-tmp/eagle3-phase4.4b-20260924/run-speculative-c2/second4-c2-mixed-output-r4.json,2.726439142,88.02690524166485
second2,2,mixed-output,4,/root/autodl-tmp/eagle3-phase4.4b-20260924/run-speculative-c2/second2-c2-mixed-output-r4.json,2.95700498,81.1632045340688
eager,2,short-short,4,/root/autodl-tmp/eagle3-phase4.4b-20260924/run-speculative-c2/eager-c2-short-short-r4.json,1.598950629,80.05250298444331
never,2,short-short,4,/root/autodl-tmp/eagle3-phase4.4b-20260924/run-speculative-c2/never-c2-short-short-r4.json,1.567838474,81.64106323621192
second4,2,short-short,4,/root/autodl-tmp/eagle3-phase4.4b-20260924/run-speculative-c2/second4-c2-short-short-r4.json,1.91915931,66.6958700786544
eager,2,short-long,4,/root/autodl-tmp/eagle3-phase4.4b-20260924/run-speculative-c2/eager-c2-short-long-r4.json,5.027148336,101.8470046593827
never,2,short-long,4,/root/autodl-tmp/eagle3-phase4.4b-20260924/run-speculative-c2/never-c2-short-long-r4.json,4.656169106,109.96164193010733
second4,2,short-long,4,/root/autodl-tmp/eagle3-phase4.4b-20260924/run-speculative-c2/second4-c2-short-long-r4.json,4.581279142,111.75917994302387
never,2,long-short,4,/root/autodl-tmp/eagle3-phase4.4b-20260924/run-speculative-c2/never-c2-long-short-r4.json,1.573755973,81.3340836800751
second4,2,long-short,4,/root/autodl-tmp/eagle3-phase4.4b-20260924/run-speculative-c2/second4-c2-long-short-r4.json,2.110061123,60.66174984448543
eager,2,long-short,4,/root/autodl-tmp/eagle3-phase4.4b-20260924/run-speculative-c2/eager-c2-long-short-r4.json,1.498946984,85.39328032698454
second4,2,long-long,4,/root/autodl-tmp/eagle3-phase4.4b-20260924/run-speculative-c2/second4-c2-long-long-r4.json,10.368017343,49.38263344492555
second2,2,long-long,4,/root/autodl-tmp/eagle3-phase4.4b-20260924/run-speculative-c2/second2-c2-long-long-r4.json,10.399078217,49.235133087373335
second8,2,long-long,4,/root/autodl-tmp/eagle3-phase4.4b-20260924/run-speculative-c2/second8-c2-long-long-r4.json,9.715534099,52.69910998024279
eager,2,long-long,4,/root/autodl-tmp/eagle3-phase4.4b-20260924/run-speculative-c2/eager-c2-long-long-r4.json,5.061959666,101.14659811277919
never,2,long-long,4,/root/autodl-tmp/eagle3-phase4.4b-20260924/run-speculative-c2/never-c2-long-long-r4.json,4.841505386,105.75223183279549
eager,4,short-short,0,/root/autodl-tmp/eagle3-phase4.4b-20260924/run-speculative-c4/eager-c4-short-short-r0.json,1.751185168,146.1867109646511
never,4,short-short,0,/root/autodl-tmp/eagle3-phase4.4b-20260924/run-speculative-c4/never-c4-short-short-r0.json,1.908691405,134.12330528098124
second4,4,short-short,0,/root/autodl-tmp/eagle3-phase4.4b-20260924/run-speculative-c4/second4-c4-short-short-r0.json,2.932565885,87.29556642169013
never,4,short-long,0,/root/autodl-tmp/eagle3-phase4.4b-20260924/run-speculative-c4/never-c4-short-long-r0.json,7.567555115,135.31450837672557
second4,4,short-long,0,/root/autodl-tmp/eagle3-phase4.4b-20260924/run-speculative-c4/second4-c4-short-long-r0.json,7.772648983,131.74401703198592
eager,4,short-long,0,/root/autodl-tmp/eagle3-phase4.4b-20260924/run-speculative-c4/eager-c4-short-long-r0.json,6.63736374,154.27812006578384
second4,4,long-short,0,/root/autodl-tmp/eagle3-phase4.4b-20260924/run-speculative-c4/second4-c4-long-short-r0.json,4.8508515,52.77423973914683
eager,4,long-short,0,/root/autodl-tmp/eagle3-phase4.4b-20260924/run-speculative-c4/eager-c4-long-short-r0.json,2.517865473,101.67342248630136
never,4,long-short,0,/root/autodl-tmp/eagle3-phase4.4b-20260924/run-speculative-c4/never-c4-long-short-r0.json,2.620530505,97.69014308803095
second2,4,long-long,0,/root/autodl-tmp/eagle3-phase4.4b-20260924/run-speculative-c4/second2-c4-long-long-r0.json,12.050602909,84.97500147774556
second8,4,long-long,0,/root/autodl-tmp/eagle3-phase4.4b-20260924/run-speculative-c4/second8-c4-long-long-r0.json,11.414384875,89.71136081478942
eager,4,long-long,0,/root/autodl-tmp/eagle3-phase4.4b-20260924/run-speculative-c4/eager-c4-long-long-r0.json,7.134162051,143.5347266686303
never,4,long-long,0,/root/autodl-tmp/eagle3-phase4.4b-20260924/run-speculative-c4/never-c4-long-long-r0.json,8.161225977,125.47134497756109
second4,4,long-long,0,/root/autodl-tmp/eagle3-phase4.4b-20260924/run-speculative-c4/second4-c4-long-long-r0.json,11.882518017,86.17702060581694
eager,4,mixed-prompt,0,/root/autodl-tmp/eagle3-phase4.4b-20260924/run-speculative-c4/eager-c4-mixed-prompt-r0.json,3.177349745,161.14058605153647
never,4,mixed-prompt,0,/root/autodl-tmp/eagle3-phase4.4b-20260924/run-speculative-c4/never-c4-mixed-prompt-r0.json,3.42835983,149.34255019549684
second4,4,mixed-prompt,0,/root/autodl-tmp/eagle3-phase4.4b-20260924/run-speculative-c4/second4-c4-mixed-prompt-r0.json,9.444178922,54.21328886593917
eager,4,mixed-output,0,/root/autodl-tmp/eagle3-phase4.4b-20260924/run-speculative-c4/eager-c4-mixed-output-r0.json,3.931492674,122.091032542008
never,4,mixed-output,0,/root/autodl-tmp/eagle3-phase4.4b-20260924/run-speculative-c4/never-c4-mixed-output-r0.json,4.21408343,113.90377242721082
second4,4,mixed-output,0,/root/autodl-tmp/eagle3-phase4.4b-20260924/run-speculative-c4/second4-c4-mixed-output-r0.json,4.102991461,116.98781354105284
second2,4,mixed-output,0,/root/autodl-tmp/eagle3-phase4.4b-20260924/run-speculative-c4/second2-c4-mixed-output-r0.json,4.07961587,117.65813627938456
second8,4,mixed-output,0,/root/autodl-tmp/eagle3-phase4.4b-20260924/run-speculative-c4/second8-c4-mixed-output-r0.json,4.098891759,117.10482447994792
eager,4,short-short,1,/root/autodl-tmp/eagle3-phase4.4b-20260924/run-speculative-c4/eager-c4-short-short-r1.json,1.764123131,145.11458724249334
second4,4,short-short,1,/root/autodl-tmp/eagle3-phase4.4b-20260924/run-speculative-c4/second4-c4-short-short-r1.json,3.31607284,77.19975174007335
never,4,short-short,1,/root/autodl-tmp/eagle3-phase4.4b-20260924/run-speculative-c4/never-c4-short-short-r1.json,1.934683727,132.32136934183248
eager,4,mixed-output,1,/root/autodl-tmp/eagle3-phase4.4b-20260924/run-speculative-c4/eager-c4-mixed-output-r1.json,3.802931939,126.21840403649675
second8,4,mixed-output,1,/root/autodl-tmp/eagle3-phase4.4b-20260924/run-speculative-c4/second8-c4-mixed-output-r1.json,4.014913129,119.55426794490926
second2,4,mixed-output,1,/root/autodl-tmp/eagle3-phase4.4b-20260924/run-speculative-c4/second2-c4-mixed-output-r1.json,4.043422641,118.71131034704023
second4,4,mixed-output,1,/root/autodl-tmp/eagle3-phase4.4b-20260924/run-speculative-c4/second4-c4-mixed-output-r1.json,4.070788358,117.91327816310907
never,4,mixed-output,1,/root/autodl-tmp/eagle3-phase4.4b-20260924/run-speculative-c4/never-c4-mixed-output-r1.json,3.976783489,120.70056147831689
second4,4,mixed-prompt,1,/root/autodl-tmp/eagle3-phase4.4b-20260924/run-speculative-c4/second4-c4-mixed-prompt-r1.json,3.779908436,135.45301656613992
never,4,mixed-prompt,1,/root/autodl-tmp/eagle3-phase4.4b-20260924/run-speculative-c4/never-c4-mixed-prompt-r1.json,3.453423027,148.25869752909364
eager,4,mixed-prompt,1,/root/autodl-tmp/eagle3-phase4.4b-20260924/run-speculative-c4/eager-c4-mixed-prompt-r1.json,3.133071799,163.41789555011727
second2,4,long-long,1,/root/autodl-tmp/eagle3-phase4.4b-20260924/run-speculative-c4/second2-c4-long-long-r1.json,9.353239772,109.4807815218703
second4,4,long-long,1,/root/autodl-tmp/eagle3-phase4.4b-20260924/run-speculative-c4/second4-c4-long-long-r1.json,9.159244009,111.79962003346601
never,4,long-long,1,/root/autodl-tmp/eagle3-phase4.4b-20260924/run-speculative-c4/never-c4-long-long-r1.json,7.901502288,129.59560886986608
eager,4,long-long,1,/root/autodl-tmp/eagle3-phase4.4b-20260924/run-speculative-c4/eager-c4-long-long-r1.json,7.015165738,145.96946647363728
second8,4,long-long,1,/root/autodl-tmp/eagle3-phase4.4b-20260924/run-speculative-c4/second8-c4-long-long-r1.json,9.198835655,111.31843620267395
second4,4,long-short,1,/root/autodl-tmp/eagle3-phase4.4b-20260924/run-speculative-c4/second4-c4-long-short-r1.json,4.917753976,52.05628448461449
never,4,long-short,1,/root/autodl-tmp/eagle3-phase4.4b-20260924/run-speculative-c4/never-c4-long-short-r1.json,2.656065642,96.38316009661331
eager,4,long-short,1,/root/autodl-tmp/eagle3-phase4.4b-20260924/run-speculative-c4/eager-c4-long-short-r1.json,2.474369408,103.46070363314159
never,4,short-long,1,/root/autodl-tmp/eagle3-phase4.4b-20260924/run-speculative-c4/never-c4-short-long-r1.json,7.29656649,140.33998064752782
eager,4,short-long,1,/root/autodl-tmp/eagle3-phase4.4b-20260924/run-speculative-c4/eager-c4-short-long-r1.json,6.56893024,155.8853515850398
second4,4,short-long,1,/root/autodl-tmp/eagle3-phase4.4b-20260924/run-speculative-c4/second4-c4-short-long-r1.json,7.296593577,140.33945966619376
eager,4,long-short,2,/root/autodl-tmp/eagle3-phase4.4b-20260924/run-speculative-c4/eager-c4-long-short-r2.json,2.50011303,102.39537050050893
never,4,long-short,2,/root/autodl-tmp/eagle3-phase4.4b-20260924/run-speculative-c4/never-c4-long-short-r2.json,2.669390984,95.90202466945921
second4,4,long-short,2,/root/autodl-tmp/eagle3-phase4.4b-20260924/run-speculative-c4/second4-c4-long-short-r2.json,3.360695363,76.17471158453228
eager,4,long-long,2,/root/autodl-tmp/eagle3-phase4.4b-20260924/run-speculative-c4/eager-c4-long-long-r2.json,7.014348847,145.98646607631431
never,4,long-long,2,/root/autodl-tmp/eagle3-phase4.4b-20260924/run-speculative-c4/never-c4-long-long-r2.json,7.815488942,131.02187305225158
second4,4,long-long,2,/root/autodl-tmp/eagle3-phase4.4b-20260924/run-speculative-c4/second4-c4-long-long-r2.json,13.363251163,76.62805910849286
second2,4,long-long,2,/root/autodl-tmp/eagle3-phase4.4b-20260924/run-speculative-c4/second2-c4-long-long-r2.json,14.0588013,72.83693525137168
second8,4,long-long,2,/root/autodl-tmp/eagle3-phase4.4b-20260924/run-speculative-c4/second8-c4-long-long-r2.json,13.446406608,76.15417485521868
never,4,mixed-prompt,2,/root/autodl-tmp/eagle3-phase4.4b-20260924/run-speculative-c4/never-c4-mixed-prompt-r2.json,3.432858993,149.14681932582369
second4,4,mixed-prompt,2,/root/autodl-tmp/eagle3-phase4.4b-20260924/run-speculative-c4/second4-c4-mixed-prompt-r2.json,9.370900383,54.637225781295555
eager,4,mixed-prompt,2,/root/autodl-tmp/eagle3-phase4.4b-20260924/run-speculative-c4/eager-c4-mixed-prompt-r2.json,3.146466332,162.72222422750525
second4,4,mixed-output,2,/root/autodl-tmp/eagle3-phase4.4b-20260924/run-speculative-c4/second4-c4-mixed-output-r2.json,3.984776023,120.4584642221935
second2,4,mixed-output,2,/root/autodl-tmp/eagle3-phase4.4b-20260924/run-speculative-c4/second2-c4-mixed-output-r2.json,3.9638388,121.09473271213754
second8,4,mixed-output,2,/root/autodl-tmp/eagle3-phase4.4b-20260924/run-speculative-c4/second8-c4-mixed-output-r2.json,3.99128951,120.26188498663932
eager,4,mixed-output,2,/root/autodl-tmp/eagle3-phase4.4b-20260924/run-speculative-c4/eager-c4-mixed-output-r2.json,3.731402389,128.63796234225973
never,4,mixed-output,2,/root/autodl-tmp/eagle3-phase4.4b-20260924/run-speculative-c4/never-c4-mixed-output-r2.json,3.895617663,123.2153772581352
second4,4,short-short,2,/root/autodl-tmp/eagle3-phase4.4b-20260924/run-speculative-c4/second4-c4-short-short-r2.json,2.839320356,90.16242195391072
eager,4,short-short,2,/root/autodl-tmp/eagle3-phase4.4b-20260924/run-speculative-c4/eager-c4-short-short-r2.json,1.686574848,151.7869190943846
never,4,short-short,2,/root/autodl-tmp/eagle3-phase4.4b-20260924/run-speculative-c4/never-c4-short-short-r2.json,1.870311638,136.87558522265903
eager,4,short-long,2,/root/autodl-tmp/eagle3-phase4.4b-20260924/run-speculative-c4/eager-c4-short-long-r2.json,7.013409801,146.00601263225684
never,4,short-long,2,/root/autodl-tmp/eagle3-phase4.4b-20260924/run-speculative-c4/never-c4-short-long-r2.json,7.670914513,133.49125430411377
second4,4,short-long,2,/root/autodl-tmp/eagle3-phase4.4b-20260924/run-speculative-c4/second4-c4-short-long-r2.json,10.792308173,94.88239064205233
second4,4,long-short,3,/root/autodl-tmp/eagle3-phase4.4b-20260924/run-speculative-c4/second4-c4-long-short-r3.json,3.230256437,79.25067405414785
never,4,long-short,3,/root/autodl-tmp/eagle3-phase4.4b-20260924/run-speculative-c4/never-c4-long-short-r3.json,2.569078798,99.64661270775082
eager,4,long-short,3,/root/autodl-tmp/eagle3-phase4.4b-20260924/run-speculative-c4/eager-c4-long-short-r3.json,2.416260547,105.94883913402738
second4,4,short-long,3,/root/autodl-tmp/eagle3-phase4.4b-20260924/run-speculative-c4/second4-c4-short-long-r3.json,14.237009076,71.92521930229049
never,4,short-long,3,/root/autodl-tmp/eagle3-phase4.4b-20260924/run-speculative-c4/never-c4-short-long-r3.json,7.449072986,137.4667696134183
eager,4,short-long,3,/root/autodl-tmp/eagle3-phase4.4b-20260924/run-speculative-c4/eager-c4-short-long-r3.json,6.77444237,151.15635266670665
second4,4,short-short,3,/root/autodl-tmp/eagle3-phase4.4b-20260924/run-speculative-c4/second4-c4-short-short-r3.json,2.569737321,99.62107718479915
never,4,short-short,3,/root/autodl-tmp/eagle3-phase4.4b-20260924/run-speculative-c4/never-c4-short-short-r3.json,1.912723348,133.84057881014584
eager,4,short-short,3,/root/autodl-tmp/eagle3-phase4.4b-20260924/run-speculative-c4/eager-c4-short-short-r3.json,1.784546608,143.4538043738222
second4,4,mixed-output,3,/root/autodl-tmp/eagle3-phase4.4b-20260924/run-speculative-c4/second4-c4-mixed-output-r3.json,3.935074949,121.97988760594761
never,4,mixed-output,3,/root/autodl-tmp/eagle3-phase4.4b-20260924/run-speculative-c4/never-c4-mixed-output-r3.json,3.888187698,123.45083038221166
eager,4,mixed-output,3,/root/autodl-tmp/eagle3-phase4.4b-20260924/run-speculative-c4/eager-c4-mixed-output-r3.json,3.694721225,129.91507904632238
second8,4,mixed-output,3,/root/autodl-tmp/eagle3-phase4.4b-20260924/run-speculative-c4/second8-c4-mixed-output-r3.json,3.954632146,121.37664952870689
second2,4,mixed-output,3,/root/autodl-tmp/eagle3-phase4.4b-20260924/run-speculative-c4/second2-c4-mixed-output-r3.json,3.844775875,124.8447284329675
never,4,mixed-prompt,3,/root/autodl-tmp/eagle3-phase4.4b-20260924/run-speculative-c4/never-c4-mixed-prompt-r3.json,3.413951812,149.97282568556653
eager,4,mixed-prompt,3,/root/autodl-tmp/eagle3-phase4.4b-20260924/run-speculative-c4/eager-c4-mixed-prompt-r3.json,3.130109064,163.57257511842406
second4,4,mixed-prompt,3,/root/autodl-tmp/eagle3-phase4.4b-20260924/run-speculative-c4/second4-c4-mixed-prompt-r3.json,9.39905567,54.473557554745284
eager,4,long-long,3,/root/autodl-tmp/eagle3-phase4.4b-20260924/run-speculative-c4/eager-c4-long-long-r3.json,7.157182017,143.07306948010515
second8,4,long-long,3,/root/autodl-tmp/eagle3-phase4.4b-20260924/run-speculative-c4/second8-c4-long-long-r3.json,14.02878398,72.99278408305778
second2,4,long-long,3,/root/autodl-tmp/eagle3-phase4.4b-20260924/run-speculative-c4/second2-c4-long-long-r3.json,14.247743351,71.87103071505909
second4,4,long-long,3,/root/autodl-tmp/eagle3-phase4.4b-20260924/run-speculative-c4/second4-c4-long-long-r3.json,14.635300115,69.96781698726375
never,4,long-long,3,/root/autodl-tmp/eagle3-phase4.4b-20260924/run-speculative-c4/never-c4-long-long-r3.json,8.278733255,123.69042079977005
eager,4,mixed-prompt,4,/root/autodl-tmp/eagle3-phase4.4b-20260924/run-speculative-c4/eager-c4-mixed-prompt-r4.json,3.187621071,160.62135009020338
never,4,mixed-prompt,4,/root/autodl-tmp/eagle3-phase4.4b-20260924/run-speculative-c4/never-c4-mixed-prompt-r4.json,3.476413041,147.27824167082338
second4,4,mixed-prompt,4,/root/autodl-tmp/eagle3-phase4.4b-20260924/run-speculative-c4/second4-c4-mixed-prompt-r4.json,9.450280068,54.178288507417385
second8,4,mixed-output,4,/root/autodl-tmp/eagle3-phase4.4b-20260924/run-speculative-c4/second8-c4-mixed-output-r4.json,3.987798672,120.36715979928488
eager,4,mixed-output,4,/root/autodl-tmp/eagle3-phase4.4b-20260924/run-speculative-c4/eager-c4-mixed-output-r4.json,3.672452561,130.70284558537554
never,4,mixed-output,4,/root/autodl-tmp/eagle3-phase4.4b-20260924/run-speculative-c4/never-c4-mixed-output-r4.json,3.936938923,121.92213529038789
second4,4,mixed-output,4,/root/autodl-tmp/eagle3-phase4.4b-20260924/run-speculative-c4/second4-c4-mixed-output-r4.json,3.965475952,121.04473859131853
second2,4,mixed-output,4,/root/autodl-tmp/eagle3-phase4.4b-20260924/run-speculative-c4/second2-c4-mixed-output-r4.json,3.942600903,121.74704257657905
eager,4,short-short,4,/root/autodl-tmp/eagle3-phase4.4b-20260924/run-speculative-c4/eager-c4-short-short-r4.json,1.880922974,136.10339367357847
never,4,short-short,4,/root/autodl-tmp/eagle3-phase4.4b-20260924/run-speculative-c4/never-c4-short-short-r4.json,2.019097624,126.78931268951857
second4,4,short-short,4,/root/autodl-tmp/eagle3-phase4.4b-20260924/run-speculative-c4/second4-c4-short-short-r4.json,3.372555863,75.90682271820978
eager,4,short-long,4,/root/autodl-tmp/eagle3-phase4.4b-20260924/run-speculative-c4/eager-c4-short-long-r4.json,6.563557311,156.01295935724633
never,4,short-long,4,/root/autodl-tmp/eagle3-phase4.4b-20260924/run-speculative-c4/never-c4-short-long-r4.json,7.065752987,144.92439827489258
second4,4,short-long,4,/root/autodl-tmp/eagle3-phase4.4b-20260924/run-speculative-c4/second4-c4-short-long-r4.json,8.182255046,125.14887329265
never,4,long-short,4,/root/autodl-tmp/eagle3-phase4.4b-20260924/run-speculative-c4/never-c4-long-short-r4.json,2.619894857,97.71384501023127
second4,4,long-short,4,/root/autodl-tmp/eagle3-phase4.4b-20260924/run-speculative-c4/second4-c4-long-short-r4.json,4.79831617,53.352049121014886
eager,4,long-short,4,/root/autodl-tmp/eagle3-phase4.4b-20260924/run-speculative-c4/eager-c4-long-short-r4.json,2.44868405,104.54594989500585
second4,4,long-long,4,/root/autodl-tmp/eagle3-phase4.4b-20260924/run-speculative-c4/second4-c4-long-long-r4.json,13.127139786,78.00633014452156
second2,4,long-long,4,/root/autodl-tmp/eagle3-phase4.4b-20260924/run-speculative-c4/second2-c4-long-long-r4.json,12.886144879,79.46519378877767
second8,4,long-long,4,/root/autodl-tmp/eagle3-phase4.4b-20260924/run-speculative-c4/second8-c4-long-long-r4.json,12.579283748,81.40368088626727
eager,4,long-long,4,/root/autodl-tmp/eagle3-phase4.4b-20260924/run-speculative-c4/eager-c4-long-long-r4.json,7.209736285,142.03016026126397
never,4,long-long,4,/root/autodl-tmp/eagle3-phase4.4b-20260924/run-speculative-c4/never-c4-long-long-r4.json,7.759217011,131.972078954398
