completed_requests,verification,unique_keys,reusable_keys
0,0,1,0
0,1,2,0
0,2,3,0
0,3,4,0
1,4,5,0
1,5,6,0
1,6,7,0
1,7,7,0
2,8,7,0
3,9,8,0
3,10,9,0
3,11,10,0
3,12,11,0
3,13,12,0
3,14,13,0
3,15,14,0
4,16,14,0
5,17,15,0
5,18,16,0
5,19,17,0
5,20,18,0
6,21,19,0
6,22,20,0
6,23,21,0
6,24,22,0
7,25,23,0
7,26,24,0
7,27,25,0
7,28,25,0
8,29,26,0
8,30,27,0
8,31,28,0
8,32,29,0
8,33,29,0
9,34,30,0
9,35,30,1
9,36,31,1
9,37,31,1
10,38,32,1
10,39,33,1
10,40,33,2
11,41,34,2
11,42,35,2
11,43,36,2
11,44,36,3
11,45,37,3
11,46,37,3
12,47,38,3
12,48,38,4
12,49,39,4
12,50,40,4
12,51,40,4
12,52,40,4
13,53,40,5
13,54,40,6
13,55,40,7
13,56,40,7
15,57,40,7
15,58,40,8
15,59,40,9
15,60,40,9
16,61,40,10
16,62,40,11
16,63,40,12
16,64,40,12
17,65,40,13
17,66,40,14
17,67,40,15
17,68,40,15
18,69,40,16
18,70,40,17
18,71,40,18
18,72,40,18
18,73,40,19
18,74,40,19
19,75,41,19
19,76,41,19
20,77,41,19
20,78,41,19
20,79,41,19
21,80,41,19
21,81,41,19
21,82,41,20
21,83,41,20
22,84,41,21
22,85,41,22
22,86,41,22
22,87,41,22
22,88,41,22
22,89,41,22
22,90,42,22
22,91,42,22
24,92,42,23
24,93,42,24
24,94,42,25
24,95,42,25
25,96,42,25
25,97,42,25
25,98,42,25
25,99,42,25
26,100,42,25
26,101,42,25
26,102,42,25
26,103,42,25
26,104,42,26
26,105,42,26
26,106,42,26
26,107,42,26
27,108,42,26
29,109,42,26
29,110,42,26
29,111,42,26
29,112,42,26
30,113,43,26
30,114,43,26
30,115,43,27
30,116,43,27
30,117,43,27
30,118,43,27
30,119,43,27
30,120,43,27
30,121,43,27
31,122,43,28
31,123,43,29
32,124,43,29
32,125,43,29
32,126,43,29
32,127,43,29
33,128,43,29
33,129,43,29
33,130,43,29
33,131,43,29
34,132,43,29
34,133,43,29
34,134,43,29
34,135,43,29
34,136,43,29
34,137,43,29
35,138,43,29
35,139,43,29
36,140,43,29
36,141,43,29
37,142,43,29
37,143,43,29
37,144,43,29
37,145,43,29
38,146,43,29
38,147,43,29
38,148,43,29
38,149,43,29
38,150,43,29
38,151,43,29
38,152,43,29
38,153,43,29
40,154,43,29
40,155,43,29
41,156,44,29
41,157,45,29
41,158,46,29
41,159,46,29
41,160,46,29
42,161,47,29
42,162,48,29
42,163,49,29
42,164,50,29
42,165,51,29
42,166,52,29
42,167,53,29
42,168,54,29
43,169,54,29
44,170,55,29
44,171,56,29
45,172,56,30
45,173,57,30
45,174,58,30
45,175,58,30
46,176,58,31
46,177,58,32
46,178,58,33
46,179,58,34
46,180,58,35
46,181,58,36
46,182,58,37
46,183,59,37
46,184,59,37
48,185,59,38
49,186,59,39
49,187,59,40
49,188,59,40
49,189,59,40
50,190,59,41
50,191,59,42
50,192,59,42
50,193,59,42
50,194,59,42
50,195,59,42
50,196,59,42
50,197,59,42
51,198,59,42
51,199,59,43
51,200,59,43
52,201,59,43
53,202,59,43
53,203,59,43
53,204,59,44
53,205,59,44
54,206,59,44
54,207,59,44
54,208,59,44
54,209,59,44
54,210,59,44
54,211,59,44
54,212,59,44
54,213,59,44
56,214,59,44
56,215,59,45
56,216,59,45
57,217,60,45
57,218,61,45
57,219,62,45
57,220,62,45
58,221,63,45
58,222,63,45
58,223,63,45
58,224,63,45
58,225,63,45
58,226,63,45
58,227,63,45
58,228,63,45
59,229,63,45
60,230,63,45
60,231,63,45
60,232,63,45
60,233,64,45
60,234,65,45
60,235,65,45
61,236,66,45
61,237,67,45
61,238,68,45
61,239,68,45
62,240,69,45
62,241,70,45
62,242,71,45
62,243,72,45
62,244,72,45
63,245,72,46
63,246,72,46
64,247,72,46
65,248,72,46
65,249,72,46
65,250,72,46
65,251,72,46
66,252,72,46
66,253,72,46
66,254,72,46
66,255,72,46
66,256,72,46
66,257,72,46
66,258,72,46
66,259,72,46
67,260,72,46
68,261,72,46
69,262,72,47
69,263,72,47
69,264,72,47
69,265,72,47
70,266,72,48
70,267,73,48
70,268,74,48
70,269,74,48
70,270,74,48
70,271,74,48
70,272,74,48
70,273,75,48
71,274,75,49
71,275,75,49
72,276,75,50
72,277,75,50
72,278,75,50
72,279,75,50
72,280,75,50
72,281,75,50
73,282,75,50
73,283,75,50
73,284,75,50
73,285,75,50
74,286,75,50
74,287,75,50
74,288,75,50
74,289,75,50
75,290,75,50
75,291,75,50
75,292,75,50
76,293,75,50
77,294,75,50
77,295,75,50
77,296,75,50
77,297,75,50
78,298,75,50
78,299,75,50
78,300,75,50
78,301,75,50
78,302,75,50
78,303,75,50
78,304,75,50
78,305,75,50
80,306,75,50
80,307,75,50
81,308,75,50
81,309,75,50
81,310,75,50
81,311,75,50
82,312,75,50
82,313,75,50
82,314,75,50
82,315,75,50
82,316,75,50
82,317,75,50
82,318,75,50
82,319,75,50
83,320,75,50
83,321,75,50
84,322,75,50
84,323,75,50
84,324,75,50
85,325,75,50
85,326,75,50
85,327,75,50
85,328,75,50
86,329,75,50
86,330,75,50
86,331,75,50
86,332,75,50
86,333,75,50
86,334,75,50
86,335,75,50
87,336,75,50
88,337,75,50
89,338,75,50
89,339,75,50
89,340,75,50
89,341,75,50
90,342,75,50
90,343,75,50
90,344,75,50
90,345,75,50
90,346,75,50
90,347,75,50
90,348,75,50
90,349,75,50
91,350,75,50
91,351,75,50
91,352,75,50
92,353,75,50
93,354,76,50
93,355,77,50
93,356,77,51
93,357,77,51
94,358,77,51
94,359,77,51
94,360,77,51
94,361,77,51
94,362,77,51
94,363,77,51
94,364,77,51
94,365,77,51
96,366,77,51
96,367,77,51
96,368,77,51
96,369,77,51
96,370,77,51
96,371,77,51
96,372,77,51
97,373,77,51
97,374,77,51
97,375,77,51
97,376,77,51
98,377,77,51
98,378,77,51
98,379,77,51
98,380,77,51
98,381,77,51
99,382,77,51
99,383,77,51
99,384,77,51
101,385,77,51
101,386,77,51
101,387,77,51
101,388,77,51
102,389,77,51
102,390,77,51
102,391,77,51
102,392,77,51
102,393,77,51
102,394,77,51
102,395,77,51
102,396,77,51
103,397,77,51
105,398,77,52
105,399,77,52
105,400,77,52
105,401,77,52
106,402,77,52
106,403,77,52
106,404,77,52
106,405,77,52
106,406,77,52
106,407,77,52
106,408,77,52
106,409,77,52
107,410,77,52
107,411,77,52
107,412,77,52
108,413,77,52
108,414,77,52
108,415,77,52
108,416,77,52
108,417,77,52
109,418,77,52
109,419,77,52
109,420,77,52
109,421,77,52
110,422,77,52
110,423,77,52
110,424,77,52
110,425,77,52
110,426,77,52
111,427,77,52
111,428,77,52
111,429,77,52
112,430,77,52
113,431,77,52
113,432,77,52
113,433,77,52
113,434,77,52
114,435,77,52
114,436,77,52
114,437,77,52
114,438,77,52
114,439,77,52
114,440,77,52
114,441,77,52
114,442,77,52
116,443,77,52
116,444,77,52
116,445,77,52
117,446,77,53
117,447,77,54
117,448,77,54
117,449,77,54
118,450,77,54
118,451,77,54
118,452,77,54
118,453,77,54
118,454,77,54
118,455,77,54
118,456,77,54
118,457,77,54
118,458,77,54
120,459,77,54
120,460,77,54
120,461,77,54
120,462,77,54
121,463,77,54
121,464,77,54
121,465,77,54
121,466,77,54
122,467,77,54
122,468,77,54
122,469,77,54
122,470,77,54
122,471,77,54
122,472,77,54
122,473,77,54
122,474,77,54
124,475,77,54
125,476,77,54
125,477,77,54
125,478,77,54
125,479,77,54
126,480,77,54
126,481,77,54
126,482,77,54
126,483,77,54
126,484,77,54
126,485,77,54
126,486,77,54
126,487,77,54
127,488,77,54
127,489,77,54
127,490,77,54
129,491,77,54
129,492,77,54
129,493,78,54
129,494,78,54
129,495,78,54
130,496,78,55
130,497,78,56
130,498,78,57
130,499,78,58
130,500,78,59
130,501,78,59
130,502,78,60
130,503,78,60
131,504,78,60
132,505,78,60
132,506,78,60
132,507,78,60
132,508,78,60
133,509,78,60
133,510,78,60
133,511,78,60
133,512,78,60
134,513,78,60
134,514,78,60
134,515,78,60
134,516,78,60
134,517,78,60
134,518,78,60
134,519,78,60
135,520,78,60
136,521,78,60
136,522,78,60
137,523,78,60
137,524,78,60
137,525,78,60
137,526,78,60
138,527,78,60
138,528,78,60
138,529,78,60
138,530,78,60
138,531,78,60
138,532,78,60
138,533,78,60
138,534,78,60
139,535,78,60
139,536,78,60
141,537,78,60
141,538,78,60
141,539,78,60
141,540,78,60
142,541,78,60
142,542,78,60
142,543,78,60
142,544,78,60
142,545,78,60
142,546,78,60
142,547,78,60
142,548,78,60
143,549,78,60
143,550,78,60
144,551,78,60
144,552,78,60
145,553,78,61
145,554,78,62
145,555,78,63
145,556,78,63
146,557,78,64
146,558,78,64
146,559,78,64
146,560,78,64
146,561,78,64
146,562,78,64
146,563,78,64
146,564,78,64
148,565,78,64
148,566,78,65
148,567,78,66
148,568,78,66
148,569,78,66
149,570,78,66
149,571,78,66
149,572,78,66
149,573,78,66
150,574,78,66
150,575,78,66
150,576,78,66
150,577,78,66
150,578,78,66
150,579,78,66
150,580,78,66
151,581,78,66
152,582,78,66
152,583,78,66
153,584,78,66
153,585,78,66
153,586,78,66
153,587,78,66
154,588,78,66
154,589,78,66
154,590,78,66
154,591,78,66
154,592,78,66
154,593,78,66
154,594,78,66
154,595,78,66
155,596,78,66
156,597,78,66
156,598,78,66
156,599,78,66
156,600,78,66
157,601,78,66
157,602,78,66
157,603,78,66
157,604,78,66
158,605,78,66
158,606,78,66
158,607,78,66
158,608,78,66
158,609,78,66
158,610,78,66
158,611,78,66
159,612,78,66
159,613,78,66
161,614,78,66
161,615,78,66
161,616,78,66
161,617,78,66
162,618,78,66
162,619,78,66
162,620,78,66
162,621,78,66
162,622,78,66
162,623,78,66
162,624,78,66
162,625,78,66
163,626,78,66
163,627,78,66
164,628,78,66
165,629,78,66
165,630,78,66
165,631,78,66
165,632,78,66
166,633,78,66
166,634,78,66
166,635,78,66
166,636,78,66
166,637,78,66
166,638,78,66
166,639,78,66
166,640,78,66
167,641,78,66
168,642,78,66
168,643,78,66
168,644,78,66
168,645,78,66
169,646,78,66
169,647,78,66
169,648,78,66
169,649,78,66
170,650,78,66
170,651,78,66
170,652,78,66
170,653,78,66
170,654,78,66
170,655,78,66
170,656,78,66
170,657,78,66
172,658,78,66
172,659,78,66
173,660,78,66
173,661,78,66
173,662,78,66
173,663,78,66
174,664,78,66
174,665,78,66
174,666,78,66
174,667,78,66
174,668,78,66
174,669,78,66
174,670,78,66
174,671,78,66
175,672,78,66
175,673,78,66
176,674,78,66
177,675,78,66
177,676,78,66
177,677,78,66
177,678,78,66
178,679,78,66
178,680,78,66
178,681,78,66
178,682,78,66
178,683,78,66
178,684,78,66
178,685,78,66
178,686,78,66
178,687,78,66
179,688,78,66
180,689,78,66
181,690,78,66
181,691,78,66
181,692,78,66
181,693,78,66
182,694,78,66
182,695,78,66
182,696,78,66
182,697,78,66
182,698,78,66
182,699,78,66
182,700,78,66
182,701,78,66
183,702,78,66
183,703,78,66
184,704,78,66
184,705,78,66
185,706,78,66
185,707,78,66
185,708,78,67
185,709,78,67
186,710,78,67
186,711,78,67
186,712,78,67
186,713,78,67
186,714,78,67
186,715,78,67
186,716,78,67
186,717,78,67
187,718,78,67
188,719,78,67
188,720,78,67
188,721,78,67
188,722,78,67
189,723,78,67
189,724,78,67
189,725,78,67
189,726,78,67
190,727,78,67
190,728,78,67
190,729,78,67
190,730,78,67
190,731,78,67
190,732,78,67
190,733,78,67
191,734,78,67
192,735,78,67
192,736,78,67
192,737,78,67
192,738,78,67
192,739,78,67
193,740,78,67
193,741,78,67
193,742,78,67
193,743,78,67
194,744,78,67
194,745,78,67
194,746,78,67
194,747,78,67
194,748,78,67
194,749,78,67
194,750,78,67
195,751,78,67
197,752,78,67
197,753,78,67
197,754,78,67
197,755,78,67
198,756,78,67
198,757,78,67
198,758,78,67
198,759,78,67
198,760,78,67
198,761,78,67
198,762,78,67
198,763,78,67
199,764,78,67
199,765,78,67
199,766,78,67
199,767,78,67
200,768,78,67
200,769,78,67
201,770,78,67
201,771,78,67
201,772,78,67
201,773,78,67
202,774,78,67
202,775,78,67
202,776,78,67
202,777,78,67
202,778,78,67
202,779,78,67
202,780,78,67
202,781,78,67
204,782,78,67
204,783,78,67
205,784,79,67
205,785,79,67
205,786,79,67
205,787,79,67
206,788,79,67
206,789,79,67
206,790,79,67
206,791,79,67
206,792,79,67
206,793,79,67
206,794,79,67
206,795,79,67
207,796,79,67
207,797,79,67
208,798,79,67
208,799,79,67
208,800,79,67
208,801,79,67
209,802,79,67
209,803,79,67
209,804,79,67
209,805,79,67
210,806,79,67
210,807,79,67
210,808,79,67
210,809,79,67
210,810,79,67
210,811,79,67
211,812,79,67
211,813,79,67
213,814,79,67
213,815,79,67
213,816,79,67
213,817,79,67
214,818,79,67
214,819,79,67
214,820,79,67
214,821,79,67
214,822,79,67
214,823,79,67
214,824,79,67
214,825,79,67
215,826,79,67
215,827,79,67
216,828,79,67
216,829,79,67
216,830,79,67
217,831,79,67
217,832,79,67
217,833,79,67
217,834,79,67
217,835,79,67
218,836,79,67
218,837,79,67
218,838,79,67
218,839,79,67
218,840,79,67
218,841,79,67
219,842,79,67
219,843,79,67
219,844,79,67
220,845,79,67
220,846,79,67
221,847,79,67
221,848,79,67
221,849,79,67
221,850,79,67
222,851,79,67
222,852,79,67
222,853,79,67
222,854,79,67
222,855,79,67
222,856,79,67
222,857,79,67
222,858,79,67
224,859,79,67
225,860,79,67
225,861,79,67
225,862,79,67
225,863,79,67
226,864,79,67
226,865,79,67
226,866,79,67
226,867,79,67
226,868,79,67
226,869,79,67
226,870,79,67
226,871,79,67
227,872,79,67
227,873,79,67
227,874,79,67
227,875,79,67
227,876,79,67
229,877,79,67
229,878,79,67
229,879,79,67
229,880,79,67
230,881,79,67
230,882,79,67
230,883,79,67
230,884,79,67
230,885,79,67
230,886,79,67
230,887,79,67
230,888,79,67
231,889,79,67
232,890,79,67
233,891,80,67
233,892,80,67
233,893,80,67
233,894,80,67
234,895,80,67
234,896,80,67
234,897,80,67
234,898,80,67
234,899,80,67
234,900,80,67
234,901,80,67
234,902,80,67
235,903,80,67
235,904,80,67
236,905,80,67
236,906,80,67
236,907,80,67
236,908,80,67
236,909,80,67
236,910,80,67
237,911,80,67
237,912,80,67
237,913,80,67
237,914,80,67
238,915,80,67
238,916,80,67
238,917,80,67
238,918,80,67
239,919,80,67
239,920,80,67
239,921,80,67
239,922,80,67
240,923,80,67
241,924,80,67
241,925,80,67
241,926,80,67
241,927,80,67
242,928,80,67
242,929,80,67
242,930,80,67
242,931,80,67
242,932,80,67
242,933,80,67
242,934,80,67
243,935,80,67
244,936,80,67
244,937,80,67
244,938,80,67
244,939,80,67
244,940,80,67
245,941,80,67
245,942,80,67
245,943,80,67
245,944,80,67
246,945,80,67
246,946,80,67
246,947,80,67
246,948,80,67
246,949,80,67
246,950,80,67
246,951,80,67
247,952,80,67
248,953,80,67
248,954,80,67
248,955,80,67
248,956,80,67
248,957,80,67
249,958,80,67
249,959,80,67
249,960,80,67
249,961,80,67
250,962,80,67
250,963,80,67
250,964,80,67
250,965,80,67
250,966,80,67
250,967,80,67
252,968,80,67
252,969,80,67
252,970,80,67
253,971,80,67
253,972,80,67
253,973,80,67
253,974,80,67
254,975,80,67
254,976,80,67
254,977,80,67
254,978,80,67
254,979,80,67
254,980,80,67
254,981,80,67
254,982,80,67
255,983,80,67
255,984,80,67
257,985,80,67
257,986,80,67
257,987,80,67
257,988,80,67
258,989,80,67
258,990,80,67
258,991,80,67
258,992,80,67
258,993,80,67
258,994,80,67
258,995,80,67
258,996,80,67
259,997,80,67
259,998,80,67
260,999,80,67
260,1000,80,67
261,1001,80,67
261,1002,80,67
261,1003,80,67
261,1004,80,67
262,1005,80,67
262,1006,80,67
262,1007,80,67
262,1008,80,67
262,1009,80,67
262,1010,80,67
262,1011,80,67
262,1012,80,67
264,1013,80,67
264,1014,80,67
264,1015,80,67
264,1016,80,67
264,1017,80,67
264,1018,80,67
265,1019,80,67
265,1020,80,67
265,1021,80,67
265,1022,80,67
266,1023,80,67
266,1024,80,67
266,1025,80,67
266,1026,80,67
266,1027,80,67
266,1028,80,67
267,1029,80,67
267,1030,80,67
268,1031,80,67
268,1032,80,67
268,1033,80,67
268,1034,80,67
269,1035,80,67
269,1036,80,67
269,1037,80,67
269,1038,80,67
270,1039,80,67
270,1040,80,67
270,1041,80,67
270,1042,80,67
270,1043,80,67
270,1044,80,67
271,1045,80,67
272,1046,80,67
273,1047,80,67
273,1048,80,67
273,1049,80,67
273,1050,80,67
274,1051,80,67
274,1052,80,67
274,1053,80,67
274,1054,80,67
274,1055,80,67
274,1056,80,67
274,1057,80,67
274,1058,80,67
275,1059,80,67
275,1060,80,67
276,1061,80,67
276,1062,80,67
276,1063,80,67
277,1064,80,67
277,1065,80,67
277,1066,80,67
277,1067,80,67
278,1068,80,67
278,1069,80,67
278,1070,80,67
278,1071,80,67
278,1072,80,67
278,1073,80,67
278,1074,80,67
279,1075,80,67
279,1076,80,67
279,1077,80,67
280,1078,80,67
280,1079,80,67
280,1080,80,67
280,1081,80,67
281,1082,80,67
281,1083,80,67
281,1084,80,67
281,1085,80,67
282,1086,80,67
282,1087,80,67
282,1088,80,67
282,1089,80,67
282,1090,80,67
282,1091,80,67
283,1092,80,67
283,1093,80,67
285,1094,80,67
285,1095,80,67
285,1096,80,67
285,1097,80,67
286,1098,80,67
286,1099,80,67
286,1100,80,67
286,1101,80,67
286,1102,80,67
286,1103,80,67
286,1104,80,67
286,1105,80,67
287,1106,80,67
287,1107,80,67
288,1108,80,67
288,1109,80,67
288,1110,80,67
289,1111,80,67
289,1112,80,67
289,1113,80,67
289,1114,80,67
290,1115,80,67
290,1116,80,67
290,1117,80,67
290,1118,80,67
290,1119,80,67
290,1120,80,67
290,1121,80,67
290,1122,80,67
291,1123,80,67
292,1124,80,67
292,1125,80,67
293,1126,80,67
293,1127,80,67
293,1128,80,67
293,1129,80,67
294,1130,80,67
294,1131,80,67
294,1132,80,67
294,1133,80,67
294,1134,80,67
294,1135,80,67
294,1136,80,67
294,1137,80,67
295,1138,80,67
295,1139,80,67
295,1140,80,67
296,1141,80,67
296,1142,80,67
296,1143,80,67
297,1144,80,67
297,1145,80,67
297,1146,80,67
297,1147,80,67
298,1148,80,67
298,1149,80,67
298,1150,80,67
298,1151,80,67
298,1152,80,67
298,1153,80,67
299,1154,80,67
299,1155,80,67
301,1156,81,67
301,1157,81,67
301,1158,81,67
301,1159,81,67
302,1160,81,67
302,1161,81,67
302,1162,81,67
302,1163,81,67
302,1164,81,67
302,1165,81,67
302,1166,81,67
302,1167,81,67
303,1168,81,67
303,1169,81,67
304,1170,81,67
304,1171,81,67
304,1172,81,67
304,1173,81,67
304,1174,81,67
305,1175,81,67
305,1176,81,67
305,1177,81,67
305,1178,81,67
306,1179,81,67
306,1180,81,67
306,1181,81,67
306,1182,81,67
306,1183,81,67
306,1184,81,67
307,1185,81,67
307,1186,81,67
307,1187,81,67
308,1188,81,67
308,1189,81,67
308,1190,81,67
309,1191,81,67
309,1192,81,67
309,1193,81,67
309,1194,81,67
310,1195,81,67
310,1196,81,67
310,1197,81,67
310,1198,81,67
310,1199,81,67
310,1200,81,67
311,1201,81,67
312,1202,81,68
312,1203,81,68
313,1204,81,68
313,1205,81,68
313,1206,81,68
313,1207,81,68
313,1208,81,68
314,1209,81,68
314,1210,81,68
314,1211,81,68
314,1212,81,68
314,1213,81,68
314,1214,81,68
314,1215,81,68
314,1216,81,68
316,1217,81,68
316,1218,81,68
316,1219,81,68
317,1220,81,68
317,1221,81,68
317,1222,81,68
317,1223,81,68
318,1224,81,68
318,1225,81,68
318,1226,81,68
318,1227,81,68
318,1228,81,68
318,1229,81,68
318,1230,81,68
318,1231,81,68
319,1232,81,68
320,1233,81,68
321,1234,81,68
321,1235,81,68
321,1236,81,68
321,1237,81,68
322,1238,81,68
322,1239,81,68
322,1240,81,68
322,1241,81,68
322,1242,81,68
322,1243,81,68
322,1244,81,68
322,1245,81,68
323,1246,81,68
323,1247,81,68
324,1248,81,68
324,1249,81,68
324,1250,81,68
324,1251,81,68
325,1252,81,68
325,1253,81,68
325,1254,81,68
325,1255,81,68
326,1256,81,68
326,1257,81,68
326,1258,81,68
326,1259,81,68
326,1260,81,68
326,1261,81,68
327,1262,81,68
327,1263,81,68
328,1264,81,68
328,1265,81,68
328,1266,81,68
328,1267,81,68
329,1268,81,68
329,1269,81,68
329,1270,81,68
329,1271,81,68
330,1272,81,68
330,1273,81,68
330,1274,81,68
330,1275,81,68
330,1276,81,68
330,1277,81,68
331,1278,81,68
331,1279,81,68
333,1280,81,68
333,1281,81,68
333,1282,81,68
333,1283,81,68
334,1284,81,68
334,1285,81,68
334,1286,81,68
334,1287,81,68
334,1288,81,68
334,1289,81,68
334,1290,81,68
334,1291,81,68
334,1292,81,68
335,1293,81,68
336,1294,81,68
336,1295,81,68
337,1296,81,68
337,1297,81,68
337,1298,81,68
337,1299,81,68
338,1300,81,68
338,1301,81,68
338,1302,81,68
338,1303,81,68
338,1304,81,68
338,1305,81,68
338,1306,81,68
338,1307,81,68
339,1308,81,68
340,1309,81,68
340,1310,81,68
340,1311,81,68
341,1312,81,68
341,1313,81,68
341,1314,81,68
341,1315,81,68
342,1316,81,68
342,1317,81,68
342,1318,81,68
342,1319,81,68
342,1320,81,68
342,1321,81,68
342,1322,81,68
342,1323,81,68
343,1324,81,68
343,1325,81,68
344,1326,81,68
345,1327,81,68
345,1328,81,68
345,1329,81,68
345,1330,81,68
346,1331,81,68
346,1332,81,68
346,1333,81,68
346,1334,81,68
346,1335,81,68
346,1336,81,68
346,1337,81,68
346,1338,81,68
346,1339,81,68
347,1340,81,68
347,1341,81,68
349,1342,81,68
349,1343,81,68
349,1344,81,68
349,1345,81,68
350,1346,81,68
350,1347,81,68
350,1348,81,68
350,1349,81,68
350,1350,81,68
350,1351,81,68
350,1352,81,68
350,1353,81,68
351,1354,81,68
351,1355,81,68
351,1356,81,68
351,1357,81,68
353,1358,81,68
353,1359,81,68
353,1360,81,68
353,1361,81,68
354,1362,81,68
354,1363,81,68
354,1364,81,68
354,1365,81,68
354,1366,81,68
354,1367,81,68
354,1368,81,68
354,1369,81,68
355,1370,81,68
356,1371,81,68
356,1372,81,68
356,1373,81,68
357,1374,81,68
357,1375,81,68
357,1376,81,68
357,1377,81,68
358,1378,81,68
358,1379,81,68
358,1380,81,68
358,1381,81,68
358,1382,81,68
358,1383,81,68
358,1384,81,68
358,1385,81,68
360,1386,81,68
360,1387,81,68
360,1388,81,68
360,1389,81,68
360,1390,81,68
360,1391,81,68
361,1392,81,68
361,1393,81,68
361,1394,81,68
361,1395,81,68
362,1396,81,68
362,1397,81,68
362,1398,81,68
362,1399,81,68
362,1400,81,68
362,1401,81,68
363,1402,81,68
364,1403,81,68
364,1404,81,68
365,1405,81,68
365,1406,81,68
365,1407,81,68
365,1408,81,68
366,1409,81,68
366,1410,81,68
366,1411,81,68
366,1412,81,68
366,1413,81,68
366,1414,81,68
366,1415,81,68
366,1416,81,68
367,1417,81,68
368,1418,81,68
369,1419,81,68
369,1420,81,68
369,1421,81,68
369,1422,81,68
370,1423,81,68
370,1424,81,68
370,1425,81,68
370,1426,81,68
370,1427,81,68
370,1428,81,68
370,1429,81,68
370,1430,81,68
370,1431,81,68
371,1432,81,68
371,1433,81,68
372,1434,81,68
373,1435,81,68
373,1436,81,68
373,1437,81,68
373,1438,81,68
374,1439,81,68
374,1440,81,68
374,1441,81,68
374,1442,81,68
374,1443,81,68
374,1444,81,68
374,1445,81,68
374,1446,81,68
375,1447,81,68
376,1448,81,68
376,1449,81,68
376,1450,81,68
377,1451,81,68
377,1452,81,68
377,1453,81,68
377,1454,81,68
378,1455,81,68
378,1456,81,68
378,1457,81,68
378,1458,81,68
378,1459,81,68
378,1460,81,68
378,1461,81,68
378,1462,81,68
379,1463,81,68
379,1464,81,68
380,1465,81,68
380,1466,81,68
381,1467,81,68
381,1468,81,68
381,1469,81,68
381,1470,81,68
382,1471,81,68
382,1472,81,68
382,1473,81,68
382,1474,81,68
382,1475,81,68
382,1476,81,68
382,1477,81,68
382,1478,81,68
384,1479,81,68
384,1480,81,68
385,1481,81,68
385,1482,81,68
385,1483,81,68
385,1484,81,68
386,1485,81,68
386,1486,81,68
386,1487,81,68
386,1488,81,68
386,1489,81,68
386,1490,81,68
386,1491,81,68
386,1492,81,68
387,1493,81,68
387,1494,81,68
387,1495,81,68
387,1496,81,68
389,1497,81,68
389,1498,81,68
389,1499,81,68
389,1500,81,68
390,1501,81,68
390,1502,81,68
390,1503,81,68
390,1504,81,68
390,1505,81,68
390,1506,81,68
390,1507,81,68
390,1508,81,68
392,1509,81,68
392,1510,81,68
392,1511,81,68
392,1512,81,68
393,1513,81,68
393,1514,81,68
393,1515,81,68
393,1516,81,68
394,1517,81,68
394,1518,81,68
394,1519,81,68
394,1520,81,68
394,1521,81,68
394,1522,81,68
394,1523,81,68
394,1524,81,68
395,1525,81,68
396,1526,81,68
396,1527,81,68
396,1528,81,68
396,1529,81,68
396,1530,81,68
397,1531,81,68
397,1532,81,68
397,1533,81,68
397,1534,81,68
398,1535,81,68
398,1536,81,68
398,1537,81,68
398,1538,81,68
398,1539,81,68
398,1540,81,68
399,1541,81,68
400,1542,81,68
400,1543,81,68
401,1544,81,68
401,1545,81,68
401,1546,81,68
401,1547,81,68
402,1548,81,68
402,1549,81,68
402,1550,81,68
402,1551,81,68
402,1552,81,68
402,1553,81,68
402,1554,81,68
402,1555,81,68
403,1556,81,68
403,1557,81,68
404,1558,81,68
405,1559,81,68
405,1560,81,68
405,1561,81,68
405,1562,81,68
406,1563,81,68
406,1564,81,68
406,1565,81,68
406,1566,81,68
406,1567,81,68
406,1568,81,68
406,1569,81,68
406,1570,81,68
407,1571,81,68
408,1572,81,68
408,1573,81,68
409,1574,81,68
409,1575,81,68
409,1576,81,68
409,1577,81,68
410,1578,81,68
410,1579,81,68
410,1580,81,68
410,1581,81,68
410,1582,81,68
410,1583,81,68
410,1584,81,68
410,1585,81,68
411,1586,81,68
411,1587,81,68
412,1588,81,68
412,1589,81,68
413,1590,81,68
413,1591,81,68
413,1592,81,68
413,1593,81,68
414,1594,81,68
414,1595,81,68
414,1596,81,68
414,1597,81,68
414,1598,81,68
414,1599,81,68
414,1600,81,68
414,1601,81,68
416,1602,81,68
416,1603,81,68
416,1604,81,68
417,1605,81,68
417,1606,81,68
417,1607,81,68
417,1608,81,68
418,1609,81,68
418,1610,81,68
418,1611,81,68
418,1612,81,68
418,1613,81,68
418,1614,81,68
418,1615,81,68
418,1616,81,68
419,1617,81,68
420,1618,81,68
420,1619,81,68
420,1620,81,68
420,1621,81,68
420,1622,81,68
421,1623,81,68
421,1624,81,68
421,1625,81,68
421,1626,81,68
422,1627,81,68
422,1628,81,68
422,1629,81,68
422,1630,81,68
422,1631,81,68
422,1632,81,68
423,1633,81,68
424,1634,81,68
424,1635,81,68
425,1636,81,68
425,1637,81,68
425,1638,81,68
425,1639,81,68
426,1640,81,68
426,1641,81,68
426,1642,81,68
426,1643,81,68
426,1644,81,68
426,1645,81,68
426,1646,81,68
426,1647,81,68
426,1648,81,68
428,1649,81,68
429,1650,81,68
429,1651,81,68
429,1652,81,68
429,1653,81,68
430,1654,81,68
430,1655,81,68
430,1656,81,68
430,1657,81,68
430,1658,81,68
430,1659,81,68
430,1660,81,68
430,1661,81,68
430,1662,81,68
431,1663,81,68
431,1664,81,68
431,1665,81,68
433,1666,81,68
433,1667,81,68
433,1668,81,68
433,1669,81,68
434,1670,81,68
434,1671,81,68
434,1672,81,68
434,1673,81,68
434,1674,81,68
434,1675,81,68
434,1676,81,68
434,1677,81,68
435,1678,81,68
435,1679,81,68
436,1680,81,68
436,1681,81,68
436,1682,81,68
436,1683,81,68
437,1684,81,68
437,1685,81,68
437,1686,81,68
437,1687,81,68
438,1688,81,68
438,1689,81,68
438,1690,81,68
438,1691,81,68
438,1692,81,68
438,1693,81,68
438,1694,81,68
439,1695,81,68
440,1696,81,68
440,1697,81,68
440,1698,81,68
441,1699,81,68
441,1700,81,68
441,1701,81,68
441,1702,81,68
442,1703,81,68
442,1704,81,68
442,1705,81,68
442,1706,81,68
442,1707,81,68
442,1708,81,68
442,1709,81,68
442,1710,81,68
443,1711,81,68
445,1712,81,68
445,1713,81,68
445,1714,81,68
445,1715,81,68
446,1716,81,68
446,1717,81,68
446,1718,81,68
446,1719,81,68
446,1720,81,68
446,1721,81,68
446,1722,81,68
446,1723,81,68
447,1724,81,68
447,1725,81,68
447,1726,81,68
448,1727,81,68
449,1728,81,68
449,1729,81,68
449,1730,81,68
449,1731,81,68
450,1732,81,68
450,1733,81,68
450,1734,81,68
450,1735,81,68
450,1736,81,68
450,1737,81,68
450,1738,81,68
450,1739,81,68
452,1740,81,68
452,1741,81,68
452,1742,81,68
452,1743,81,68
453,1744,81,68
453,1745,81,68
453,1746,81,68
453,1747,81,68
454,1748,81,68
454,1749,81,68
454,1750,81,68
454,1751,81,68
454,1752,81,68
454,1753,81,68
454,1754,81,68
454,1755,81,68
456,1756,81,68
456,1757,81,68
456,1758,81,68
457,1759,81,68
457,1760,81,68
457,1761,81,68
457,1762,81,68
458,1763,81,68
458,1764,81,68
458,1765,81,68
458,1766,81,68
458,1767,81,68
458,1768,81,68
458,1769,81,68
458,1770,81,68
459,1771,81,68
460,1772,81,68
461,1773,81,68
461,1774,81,68
461,1775,81,68
461,1776,81,68
462,1777,81,68
462,1778,81,68
462,1779,81,68
462,1780,81,68
462,1781,81,68
462,1782,81,68
462,1783,81,68
462,1784,81,68
463,1785,81,68
463,1786,81,68
464,1787,81,68
464,1788,81,68
465,1789,81,68
465,1790,81,68
465,1791,81,68
465,1792,81,68
466,1793,81,68
466,1794,81,68
466,1795,81,68
466,1796,81,68
466,1797,81,68
466,1798,81,68
466,1799,81,68
466,1800,81,68
468,1801,81,68
468,1802,81,68
468,1803,81,68
468,1804,81,68
468,1805,81,68
468,1806,81,68
468,1807,81,68
469,1808,81,68
469,1809,81,68
469,1810,81,68
469,1811,81,68
470,1812,81,68
470,1813,81,68
470,1814,81,68
470,1815,81,68
470,1816,81,68
471,1817,81,68
471,1818,81,68
471,1819,81,68
472,1820,81,68
473,1821,81,68
473,1822,81,68
473,1823,81,68
473,1824,81,68
474,1825,81,68
474,1826,81,68
474,1827,81,68
474,1828,81,68
474,1829,81,68
474,1830,81,68
474,1831,81,68
474,1832,81,68
476,1833,81,68
477,1834,81,68
477,1835,81,69
477,1836,81,69
477,1837,81,69
478,1838,81,69
478,1839,81,69
478,1840,81,69
478,1841,81,69
478,1842,81,69
478,1843,81,69
478,1844,81,69
478,1845,81,69
479,1846,81,69
479,1847,81,69
479,1848,81,69
479,1849,81,69
480,1850,81,69
480,1851,81,69
480,1852,81,69
481,1853,81,69
481,1854,81,69
481,1855,81,69
481,1856,81,69
481,1857,81,69
482,1858,81,69
482,1859,81,69
482,1860,81,69
482,1861,81,69
482,1862,81,69
483,1863,81,69
483,1864,81,69
484,1865,81,69
484,1866,81,69
485,1867,81,69
485,1868,81,69
485,1869,81,69
485,1870,81,69
486,1871,81,69
486,1872,81,69
486,1873,81,69
486,1874,81,69
486,1875,81,69
486,1876,81,69
486,1877,81,69
486,1878,81,69
488,1879,81,69
488,1880,81,69
488,1881,81,69
489,1882,81,69
489,1883,81,69
489,1884,81,69
489,1885,81,69
490,1886,81,69
490,1887,81,69
490,1888,81,69
490,1889,81,69
490,1890,81,69
490,1891,81,69
490,1892,81,69
490,1893,81,69
491,1894,81,69
491,1895,81,69
492,1896,81,69
493,1897,81,69
493,1898,81,69
493,1899,81,69
493,1900,81,69
494,1901,81,69
494,1902,81,69
494,1903,81,69
494,1904,81,69
494,1905,81,69
494,1906,81,69
494,1907,81,69
494,1908,81,69
495,1909,81,69
496,1910,81,69
497,1911,81,69
497,1912,81,69
497,1913,81,69
497,1914,81,69
498,1915,81,69
498,1916,81,69
498,1917,81,69
498,1918,81,69
498,1919,81,69
498,1920,81,69
498,1921,81,69
498,1922,81,69
499,1923,81,69
499,1924,81,69
499,1925,81,69
500,1926,81,69
500,1927,81,69
500,1928,81,69
500,1929,81,69
500,1930,81,69
500,1931,81,69
501,1932,81,69
501,1933,81,69
501,1934,81,69
501,1935,81,69
502,1936,81,69
502,1937,81,69
502,1938,81,69
503,1939,81,69
503,1940,81,69
503,1941,81,69
503,1942,81,69
504,1943,81,69
505,1944,81,69
505,1945,81,69
505,1946,81,69
505,1947,81,69
506,1948,81,69
506,1949,81,69
506,1950,81,69
506,1951,81,69
506,1952,81,69
506,1953,81,69
506,1954,81,69
507,1955,81,69
508,1956,81,69
508,1957,81,69
509,1958,81,69
509,1959,81,69
509,1960,81,69
509,1961,81,69
509,1962,81,69
509,1963,81,69
509,1964,81,69
509,1965,81,69
509,1966,81,69
509,1967,81,69
509,1968,81,69
509,1969,81,69
509,1970,81,69
510,1971,82,69
510,1972,83,69
510,1973,84,69
510,1974,84,69
511,1975,85,69
511,1976,86,69
511,1977,87,69
511,1978,88,69
511,1979,89,69
511,1980,90,69
511,1981,91,69
511,1982,92,69
511,1983,93,69
511,1984,94,69
511,1985,95,69
511,1986,96,69
511,1987,96,69
