concurrency,workload,horizon,completed,verifications,eligible,unique,reusable,le2,maxk_removed,table_width_removed,maxk_and_width_removed,reuse_p50,reuse_p95,known_cost_keys,unknown_cost_keys,profitable_estimated_keys,profitable_estimated_coverage,all_capture_net_ms,hindsight_positive_net_ms,replay_opportunity_rate,keys_6_replays,coverage_6_replays,keys_14_replays,coverage_14_replays,keys_18_replays,coverage_18_replays,bounded2_hits,bounded2_captures,bounded4_hits,bounded4_captures,bounded8_hits,bounded8_captures
1,short-short,32,32,314,285,28,28,1,1,28,1,30.0,41.0,28,0,3,0.2197452229299363,-2580.936336999999,577.8807024999999,0.7292993630573248,23,0.8343949044585988,2,0.17197452229299362,2,0.17197452229299362,16,16,54,16,95,16
1,short-short,128,128,1271,1153,28,28,0,1,28,1,30.0,51.0,28,0,27,0.8992918961447679,15944.598796999997,16042.272746499997,0.8630999213217939,28,0.9071597167584579,27,0.8992918961447679,27,0.8992918961447679,74,16,238,16,415,16
1,short-short,512,512,5086,4614,28,28,0,1,28,1,30.0,51.0,28,0,28,0.9071962249311837,89799.05915199999,89799.05915199999,0.8961856075501377,28,0.9071962249311837,28,0.9071962249311837,28,0.9071962249311837,307,16,979,16,1719,16
1,short-long,32,32,1202,1177,124,124,1,1,124,1,149.0,157.0,124,0,3,0.059900166389351084,-13395.502055000008,637.2126495,0.7728785357737105,119,0.9633943427620633,3,0.059900166389351084,2,0.04658901830282862,18,16,37,16,73,16
1,short-long,128,128,4795,4698,124,124,0,1,124,1,147.0,185.0,124,0,122,0.9751824817518249,61045.17322299994,61198.34651599994,0.9280500521376434,124,0.9797705943691345,121,0.9720542231491136,121,0.9720542231491136,77,16,157,16,313,16
1,short-long,512,512,19283,18886,124,124,0,1,124,1,147.0,185.0,124,0,124,0.9794119172327957,360981.30403699994,360981.30403699994,0.9665508478971114,124,0.9794119172327957,124,0.9794119172327957,124,0.9794119172327957,325,16,653,16,1282,16
1,long-short,32,32,271,247,28,28,0,1,28,1,34.0,42.0,28,0,2,0.1992619926199262,-3535.61487,512.2017515,0.7047970479704797,17,0.6826568265682657,2,0.1992619926199262,2,0.1992619926199262,16,16,32,16,89,16
1,long-short,128,128,1090,993,28,28,0,1,28,1,34.0,44.0,28,0,26,0.8908256880733945,12035.410988999996,12188.584281999996,0.8596330275229358,28,0.9110091743119266,26,0.8908256880733945,25,0.8743119266055046,62,16,124,16,389,16
1,long-short,512,512,4353,3968,28,28,0,1,28,1,34.0,68.0,28,0,28,0.9115552492533885,74096.86137299999,74096.86137299999,0.8986905582356995,28,0.9115552492533885,28,0.9115552492533885,28,0.9115552492533885,256,16,512,16,1610,16
1,long-long,32,32,1156,1129,120,120,2,1,120,1,73.0,219.0,120,0,5,0.10121107266435986,-13377.884675500014,764.6673310000001,0.7690311418685121,110,0.9342560553633218,5,0.10121107266435986,3,0.07093425605536333,15,16,32,16,61,16
1,long-long,128,128,4621,4512,120,120,0,1,120,1,73.0,249.0,120,0,117,0.9705691408785977,57608.47531449993,57964.75907199993,0.9244752218134603,120,0.9764120320276997,117,0.9705691408785977,114,0.9588833585803939,67,16,139,16,273,16
1,long-long,512,512,18476,18036,120,120,0,1,120,1,73.0,249.0,120,0,120,0.9761853214981597,341404.721618,341404.721618,0.9631954968607924,120,0.9761853214981597,120,0.9761853214981597,120,0.9761853214981597,279,16,573,16,1121,16
1,mixed-prompt,32,32,518,486,75,74,10,3,75,1,65.0,129.0,75,0,0,0.0,-12700.697031499994,0.0,0.6505791505791506,46,0.7104247104247104,0,0.0,0,0.0,12,16,24,16,48,16
1,mixed-prompt,128,128,2079,1951,123,119,8,3,123,1,65.0,131.0,123,0,60,0.7561327561327561,4152.729582999976,14449.262748499996,0.822029822029822,81,0.8393458393458394,60,0.7561327561327561,60,0.7561327561327561,44,16,90,16,182,16
1,mixed-prompt,512,512,8296,7786,146,126,26,3,146,1,65.0,194.04999999999927,146,0,112,0.9264705882352942,124323.94842150001,126956.62189449997,0.9057377049180327,116,0.9320154291224687,111,0.924662487945998,97,0.8975409836065574,200,16,402,16,807,16
1,mixed-output,32,32,502,479,85,74,26,1,85,1,62.0,149.29999999999802,85,0,6,0.28286852589641437,-13043.077163499998,1063.6566645,0.6374501992031872,9,0.34063745019920316,5,0.25298804780876494,4,0.21713147410358566,52,16,64,16,55,16
1,mixed-output,128,128,1969,1886,116,111,12,1,116,1,61.0,476.0,116,0,35,0.6719146775012697,5139.529478000017,16822.384846,0.8425596749619096,65,0.8567800914169629,31,0.6414423565261554,28,0.6155408836973083,236,16,256,16,243,16
1,mixed-output,512,512,7888,7544,120,120,0,1,120,1,61.0,677.0,120,0,103,0.9305273833671399,120983.41414249991,121926.90298199999,0.9259634888438134,118,0.954868154158215,101,0.9267241379310345,84,0.8897058823529411,972,16,1027,16,952,16
2,long-short,32,32,136,112,27,25,8,1,27,1,17.0,49.199999999999974,0,27,0,0.0,0.0,0.0,0.4411764705882353,2,0.11764705882352941,0,0.0,0,0.0,9,16,15,16,27,16
2,long-short,128,128,546,449,28,26,2,1,28,1,17.0,93.0,0,28,0,0.0,0.0,0.0,0.7234432234432234,24,0.8003663003663004,14,0.5622710622710623,6,0.29853479853479853,50,16,83,16,131,16
2,long-short,512,512,2177,1801,28,28,0,1,28,1,17.0,178.0,0,28,0,0.0,0.0,0.0,0.8015617822691777,27,0.825447864033073,25,0.8139641708773542,25,0.8139641708773542,238,16,380,16,628,16
2,long-long,32,32,580,554,117,103,38,1,117,1,37.0,397.0,0,117,0,0.0,0.0,0.0,0.5758620689655173,16,0.25,0,0.0,0,0.0,12,16,24,16,50,16
2,long-long,128,128,2315,2207,119,116,5,1,119,1,71.0,386.14999999999577,0,119,0,0.0,0.0,0.0,0.8518358531317495,104,0.9278617710583154,89,0.8522678185745141,44,0.5075593952483801,36,16,72,16,152,16
2,long-long,512,512,9244,8808,129,118,12,2,129,2,71.0,508.0,10,119,0,0.0,0.0,0.0,0.9261142362613587,114,0.9500216356555604,110,0.945478147987884,108,0.9414755517092168,144,16,278,16,612,16
2,mixed-prompt,32,32,260,234,30,30,0,2,30,1,32.0,33.0,0,30,0,0.0,0.0,0.0,0.6692307692307692,28,0.8615384615384616,0,0.0,0,0.0,11,16,23,16,47,16
2,mixed-prompt,128,128,1042,924,71,67,13,3,71,1,33.0,97.0,0,71,0,0.0,0.0,0.0,0.7543186180422264,32,0.7399232245681382,29,0.708253358925144,26,0.6554702495201535,37,16,64,16,146,16
2,mixed-prompt,512,512,4152,3674,78,71,7,4,78,2,32.0,131.0,5,73,0,0.0,0.0,0.0,0.8489884393063584,60,0.869942196531792,51,0.8432080924855492,41,0.8032273603082851,150,16,247,16,593,16
2,mixed-output,32,32,242,219,66,57,25,1,66,1,36.0,114.00000000000009,0,66,0,0.0,0.0,0.0,0.39669421487603307,0,0.0,0,0.0,0,0.0,6,16,10,16,17,16
2,mixed-output,128,128,972,890,111,92,25,1,111,1,33.0,369.0,0,111,0,0.0,0.0,0.0,0.7067901234567902,56,0.7325102880658436,6,0.102880658436214,0,0.0,26,16,43,16,95,16
2,mixed-output,512,512,3961,3620,150,119,33,2,150,2,33.0,464.0,31,119,0,0.0,0.0,0.0,0.8459984852310023,109,0.8939661701590508,76,0.799040646301439,66,0.7548598838677102,105,16,167,16,375,16
2,short-short,32,32,157,132,27,26,2,1,27,1,19.0,79.0,0,27,0,0.0,0.0,0.0,0.5031847133757962,2,0.10191082802547771,0,0.0,0,0.0,6,16,16,16,29,16
2,short-short,128,128,636,531,28,27,1,1,28,1,20.0,80.89999999999998,0,28,0,0.0,0.0,0.0,0.7484276729559748,25,0.8176100628930818,22,0.7625786163522013,15,0.5676100628930818,34,16,81,16,151,16
2,short-short,512,512,2547,2127,35,28,7,2,35,2,20.0,89.0,7,28,0,0.0,0.0,0.0,0.8103651354534747,27,0.8303886925795053,27,0.8303886925795053,27,0.8303886925795053,145,16,325,16,617,16
2,short-long,32,32,602,577,111,100,22,1,111,1,76.0,232.0,0,111,0,0.0,0.0,0.0,0.6079734219269103,24,0.3272425249169435,0,0.0,0,0.0,11,16,23,16,42,16
2,short-long,128,128,2414,2317,124,121,5,1,124,1,75.0,316.40000000000055,0,124,0,0.0,0.0,0.0,0.8583264291632146,108,0.9316487158243579,83,0.8069594034797017,66,0.6810273405136703,63,16,109,16,179,16
2,short-long,512,512,9646,9250,133,123,11,2,133,2,76.0,339.1999999999989,9,124,0,0.0,0.0,0.0,0.9324072154260834,119,0.9563549657889281,114,0.9504457806344598,105,0.9335475844909807,260,16,482,16,741,16
4,mixed-prompt,32,32,130,115,15,15,0,1,15,1,16.0,17.0,0,15,0,0.0,0.0,0.0,0.6538461538461539,14,0.8615384615384616,0,0.0,0,0.0,10,16,22,16,46,16
4,mixed-prompt,128,128,526,435,30,30,3,1,30,1,16.0,50.799999999999955,0,30,0,0.0,0.0,0.0,0.7129277566539924,15,0.7300380228136882,14,0.7015209125475285,14,0.7015209125475285,56,16,94,16,186,16
4,mixed-prompt,512,512,2078,1633,31,30,1,2,31,2,16.0,66.0,0,31,0,0.0,0.0,0.0,0.7564966313763234,28,0.7795957651588066,15,0.6963426371511068,15,0.6963426371511068,235,16,423,16,748,16
4,mixed-output,32,32,124,102,43,29,25,1,43,1,29.0,63.39999999999992,0,43,0,0.0,0.0,0.0,0.24193548387096775,0,0.0,0,0.0,0,0.0,3,16,6,16,9,16
4,mixed-output,128,129,491,410,77,54,30,1,77,1,28.0,228.39999999999998,0,77,0,0.0,0.0,0.0,0.5682281059063137,25,0.5112016293279023,0,0.0,0,0.0,20,16,37,16,48,16
4,mixed-output,512,512,1988,1640,96,69,29,3,96,3,30.0,263.0,12,84,0,0.0,0.0,0.0,0.7419517102615694,60,0.7917505030181087,43,0.6941649899396378,36,0.6332997987927566,66,16,140,16,195,16
4,short-short,32,32,79,62,25,18,17,1,25,1,10.0,40.0,0,25,0,0.0,0.0,0.0,0.24050632911392406,0,0.0,0,0.0,0,0.0,0,16,9,16,15,16
4,short-short,128,128,319,236,27,25,5,1,27,1,14.0,78.6,0,27,0,0.0,0.0,0.0,0.5768025078369906,17,0.6300940438871473,3,0.18181818181818182,2,0.13166144200626959,2,16,30,16,79,16
4,short-short,512,512,1276,935,32,26,6,3,32,3,19.0,89.89999999999998,4,28,0,0.0,0.0,0.0,0.6873040752351097,23,0.719435736677116,22,0.7084639498432602,20,0.6833855799373041,25,16,130,16,322,16
4,short-long,32,32,306,282,87,49,47,1,87,1,38.0,110.0,0,87,0,0.0,0.0,0.0,0.477124183006536,7,0.1830065359477124,0,0.0,0,0.0,11,16,21,16,37,16
4,short-long,128,128,1216,1120,95,69,30,1,95,1,38.0,160.79999999999995,0,95,0,0.0,0.0,0.0,0.7861842105263158,51,0.8453947368421053,32,0.6685855263157895,26,0.5838815789473685,54,16,94,16,134,16
4,short-long,512,512,4833,4431,131,103,32,2,131,2,39.0,300.0,0,131,0,0.0,0.0,0.0,0.8684047175667288,86,0.8959238568177116,69,0.8557831574591351,61,0.8266087316366646,186,16,334,16,512,16
4,long-short,32,32,69,51,20,14,13,1,20,1,9.0,25.0,0,20,0,0.0,0.0,0.0,0.2463768115942029,0,0.0,0,0.0,0,0.0,3,16,5,16,11,16
4,long-short,128,129,276,217,26,22,9,1,26,1,9.0,65.5,0,26,0,0.0,0.0,0.0,0.6123188405797102,15,0.6920289855072463,4,0.26811594202898553,1,0.07608695652173914,16,16,27,16,50,16
4,long-short,512,512,1089,869,26,23,7,1,26,1,9.0,70.0,0,26,0,0.0,0.0,0.0,0.7529843893480257,17,0.7814508723599632,16,0.7695133149678605,15,0.7539026629935721,61,16,96,16,209,16
4,long-long,32,32,291,269,107,72,62,1,107,1,37.0,177.1999999999996,0,107,0,0.0,0.0,0.0,0.30927835051546393,0,0.0,0,0.0,0,0.0,6,16,9,16,22,16
4,long-long,128,128,1159,1059,116,112,7,1,116,1,72.0,471.0,0,116,0,0.0,0.0,0.0,0.7169974115616912,85,0.7817083692838654,8,0.15012942191544434,5,0.10440034512510785,20,16,33,16,61,16
4,long-long,512,512,4625,4193,119,112,10,3,119,3,71.0,434.3499999999999,1,118,0,0.0,0.0,0.0,0.8566486486486486,98,0.8921081081081081,88,0.8691891891891892,84,0.8540540540540541,33,16,47,16,130,16
