system,concurrency,workload,rank,target,rows,unprofiled_host_ms,unprofiled_event_ms,profiled_event_ms,gpu_envelope_us,gpu_active_union_us,gpu_idle_gap_us,communication_union_us,compute_union_us,overlap_us,kernel_count,launch_count,host_sync_sum_us
ordinary,1,long-short,0,0,1,53.802398,53.7677116394043,105.88800048828125,105705.57421875,103523.171875,2182.40234375,87413.26171875,16109.91015625,0,659,659,4.518
ordinary,1,long-short,0,1,1,51.66747,51.64070510864258,81.82902526855469,81674.154296875,58417.1884765625,23256.9658203125,42425.0205078125,15992.16796875,0,659,659,3.553
ordinary,1,long-short,1,0,1,52.925093,53.47334289550781,105.53097534179688,105373.7919921875,16859.0810546875,88514.7109375,837.466796875,16021.6142578125,0,651,651,0
ordinary,1,long-short,1,1,1,50.698607,51.40617752075195,81.63935852050781,81532.4609375,24651.9375,56880.5234375,8766.05859375,15885.87890625,0,651,651,0
ordinary,1,mixed-output,0,0,1,30.141636,30.078720092773438,81.09673309326172,80889.3564453125,19628.341796875,61261.0146484375,3682.2919921875,15946.0498046875,0,659,659,4.338
ordinary,1,mixed-output,0,1,1,30.241899,30.21571159362793,79.67523193359375,79519.90625,16779.9267578125,62739.9794921875,843.642578125,15936.2841796875,0,659,659,4.696
ordinary,1,mixed-output,1,0,1,28.270738,29.896608352661133,80.51148986816406,80373.40625,65855.8505859375,14517.5556640625,50011.1943359375,15844.65625,0,651,651,0
ordinary,1,mixed-output,1,1,1,26.882616,30.03603172302246,79.19757080078125,79097.361328125,72588.3056640625,6509.0556640625,56747.56640625,15840.7392578125,0,651,651,0
ordinary,2,long-short,0,0,2,72.932673,72.88956451416016,106.62467193603516,106427.2578125,104037.861328125,2389.396484375,87638.9150390625,16398.9462890625,0,658,658,4.288
ordinary,2,long-short,0,1,2,58.384026,58.3524169921875,82.77481842041016,82608.2177734375,17277.9345703125,65330.283203125,963.4384765625,16314.49609375,0,658,658,7.809
ordinary,2,long-short,1,0,2,72.168057,72.67810821533203,106.31724548339844,106149.7099609375,17225.3388671875,88924.37109375,948.037109375,16277.3017578125,0,651,651,0
ordinary,2,long-short,1,1,2,57.530334,58.08931350708008,82.23187255859375,82133.2890625,74513.3232421875,7619.9658203125,58312.5087890625,16200.814453125,0,651,651,0
ordinary,2,mixed-output,0,0,2,56.694411,56.656734466552734,115.85433959960938,115644.9560546875,113293.896484375,2351.0595703125,96960.357421875,16333.5390625,0,658,658,5.644
ordinary,2,mixed-output,0,1,2,49.344135,49.318145751953125,120.6645736694336,120486.2431640625,118003.7177734375,2482.525390625,101774.44921875,16229.2685546875,0,658,658,5.109
ordinary,2,mixed-output,1,0,2,55.924815,56.40390396118164,115.45279693603516,115310.5830078125,17169.6552734375,98140.927734375,952.3408203125,16217.314453125,0,651,651,0
ordinary,2,mixed-output,1,1,2,48.488053,49.0665283203125,120.42105865478516,120291.31640625,17059.7041015625,103231.6123046875,951.037109375,16108.6669921875,0,651,651,0
ordinary,4,long-short,0,0,4,77.346549,77.31324768066406,114.97299194335938,114672.46875,112356.6181640625,2315.8505859375,95803.2275390625,16553.390625,0,658,658,5.49
ordinary,4,long-short,0,1,4,56.861581,56.8355827331543,81.34588623046875,81193.32421875,17737.2451171875,63456.0791015625,1255.224609375,16482.0205078125,0,658,658,3.746
ordinary,4,long-short,1,0,4,76.468356,76.94985961914062,114.59027099609375,114205.3017578125,17664.1005859375,96541.201171875,1220.111328125,16443.9892578125,0,651,651,0
ordinary,4,long-short,1,1,4,55.988331,56.57414245605469,80.83596801757812,80736.6533203125,67243.4716796875,13493.181640625,50878.787109375,16364.6845703125,0,651,651,0
ordinary,4,mixed-output,0,0,4,81.376297,81.3259506225586,122.72608184814453,122510.841796875,120509.8701171875,2000.9716796875,104135.3974609375,16374.47265625,0,658,658,5.049
ordinary,4,mixed-output,0,1,4,67.434779,67.40771484375,94.10610961914062,93931.7041015625,89030.591796875,4901.1123046875,72743.365234375,16287.2265625,0,658,658,9.553
ordinary,4,mixed-output,1,0,4,80.553192,81.0733413696289,122.12828826904297,121924.8466796875,17498.78515625,104426.0615234375,1234.0595703125,16264.7255859375,0,651,651,0
ordinary,4,mixed-output,1,1,4,66.579416,67.13391876220703,93.87916564941406,93779.5068359375,17960.076171875,75819.4306640625,1780.5849609375,16179.4912109375,0,651,651,0
speculative,1,long-short,0,0,4,56.181319,56.1319694519043,83.97478485107422,83765.30859375,18344.421875,65420.88671875,1291.67578125,17052.74609375,0,640,640,164.50099999999998
speculative,1,long-short,0,1,4,56.461004,56.41932678222656,84.33929443359375,84139.66796875,20261.6298828125,63878.0380859375,3326.166015625,16935.4638671875,0,640,640,211.04000000000002
speculative,1,long-short,1,0,4,56.083066,56.03785705566406,83.85660552978516,83574.3486328125,48162.2890625,35412.0595703125,31122.73046875,17039.55859375,0,632,632,489.221
speculative,1,long-short,1,1,4,56.454015,56.40233612060547,84.22370910644531,84003.296875,70863.923828125,13139.373046875,53964.4150390625,16899.5087890625,0,632,632,1269.338
speculative,1,mixed-output,0,0,4,53.038451,52.9370231628418,121.28594970703125,121081.3984375,118385.2353515625,2696.1630859375,101880.5244140625,16504.7109375,0,640,640,36166.685
speculative,1,mixed-output,0,1,4,51.887714,51.83295822143555,121.05474853515625,120788.0283203125,116819.7998046875,3968.228515625,100422.6533203125,16397.146484375,0,640,640,35666.83500000001
speculative,1,mixed-output,1,0,4,52.898975,52.80460739135742,121.16397094726562,120693.6806640625,17763.30078125,102930.3798828125,1309.6318359375,16453.6689453125,0,632,632,116.017
speculative,1,mixed-output,1,1,4,51.784132,51.739646911621094,120.95014190673828,120636.2734375,17657.66796875,102978.60546875,1350.1787109375,16307.4892578125,0,632,632,123.705
speculative,2,long-short,0,0,8,40.872594,40.81372833251953,85.45471954345703,85226.109375,39230.734375,45995.375,22115.9423828125,17114.7919921875,0,641,641,350.183
speculative,2,long-short,0,1,8,49.162621,49.12198257446289,84.73673248291016,84516.9443359375,20232.287109375,64284.6572265625,3226.1015625,17006.185546875,0,641,641,291.573
speculative,2,long-short,1,0,8,40.740375,40.69916915893555,85.28652954101562,85037.2529296875,19226.869140625,65810.3837890625,2144.935546875,17081.93359375,0,632,632,358.186
speculative,2,long-short,1,1,8,49.006375,48.991615295410156,84.54956817626953,84369.97265625,54420.7490234375,29949.2236328125,37460.185546875,16960.5634765625,0,632,632,1582.059
speculative,2,mixed-output,0,0,8,39.574234,39.53023910522461,84.9609603881836,84748.244140625,71164.03125,13584.212890625,54584.4443359375,16579.5869140625,0,641,641,2056.688
speculative,2,mixed-output,0,1,8,46.774022,46.731327056884766,84.5327377319336,84325.5654296875,63004.2138671875,21321.3515625,46597.1171875,16407.0966796875,0,641,641,1428.013
speculative,2,mixed-output,1,0,8,39.454536,39.419776916503906,84.75881958007812,84550.021484375,18472.400390625,66077.62109375,1963.46875,16508.931640625,0,632,632,348.505
speculative,2,mixed-output,1,1,8,46.640741,46.60761642456055,84.3809585571289,84184.5908203125,18293.7138671875,65890.876953125,1920.9052734375,16372.80859375,0,632,632,404.75699999999995
speculative,4,long-short,0,0,16,40.788562,40.728126525878906,121.5893783569336,121338.607421875,118429.6884765625,2908.9189453125,101156.654296875,17273.0341796875,0,643,643,37115.115
speculative,4,long-short,0,1,16,63.253542,63.21043014526367,125.3677749633789,125116.6611328125,122726.8271484375,2389.833984375,105597.02734375,17129.7998046875,0,643,643,41161.643
speculative,4,long-short,1,0,16,40.604782,40.61280059814453,121.42880249023438,120978.8720703125,20461.142578125,100517.7294921875,3248.1796875,17212.962890625,0,632,632,206.53900000000002
speculative,4,long-short,1,1,16,62.923176,63.02143859863281,125.20992279052734,124648.3486328125,20339.771484375,104308.5771484375,3249.556640625,17090.21484375,0,632,632,222.84900000000002
speculative,4,mixed-output,0,0,16,46.613706,46.5662727355957,84.3638687133789,84130.6787109375,23214.052734375,60916.6259765625,6517.724609375,16696.328125,0,643,643,308.244
speculative,4,mixed-output,0,1,16,58.129032,58.08406448364258,98.22083282470703,97992.10546875,92896.9208984375,5095.1845703125,76353.064453125,16543.8564453125,0,643,643,14737.285999999998
speculative,4,mixed-output,1,0,16,46.400146,46.4150390625,84.12300872802734,83888.6904296875,25213.2080078125,58675.482421875,8550.9248046875,16662.283203125,0,632,632,797.929
speculative,4,mixed-output,1,1,16,58.023758,57.9857292175293,98.01510620117188,97797.625,20028.81640625,77768.80859375,3515.8486328125,16512.9677734375,0,632,632,464.06600000000003
